Style #,KO #,Roll #,Qty (lbs),Knit Date,Machine,BKI #
72762/PHL,K2101019,032186063,50.0,1/20/2021,041,32186
72762/PHL,K2101019,032186064,51.2,1/20/2021,041,32186
72762/PHL,K2101019,032186066,54.8,1/20/2021,041,32186
72762/PHL,K2101019,032186067,49.6,1/21/2021,041,32186
71400/582L,K2106028,033973001,49.6,6/23/2021,075,33973
71400/582L,K2106028,033973002,50.5,6/23/2021,075,33973
71400/582L,K2106028,133973005,46.1,6/23/2021,075,33973
71400/582L,K2106028,033973007,52.2,6/24/2021,075,33973
71400/582L,K2106028,033973008,47.7,6/24/2021,075,33973
71400/582L,K2106028,033973009,50.2,6/24/2021,075,33973
71400/582L,K2106028,033973011,48.8,6/24/2021,075,33973
71400/582L,K2106028,033973014,50.9,6/24/2021,075,33973
71400/582L,K2106028,033973018,57.7,6/25/2021,075,33973
71400/582L,K2106028,133973020,55.9,6/25/2021,075,33973
71400/582L,K2106028,133973023,43.6,6/28/2021,075,33973
71400/582L,K2106028,033973024,54.8,6/29/2021,075,33973
71400/582L,K2106028,033973026,54.8,6/29/2021,075,33973
71400/582L,K2106028,033973028,46.9,6/30/2021,075,33973
71400/582L,K2106028,033973029,45.3,6/30/2021,075,33973
71400/582L,K2106028,033973030,45.5,6/30/2021,075,33973
71400/582L,K2106028,033973031,53.5,6/30/2021,075,33973
71400/582L,K2106028,033973032,48.8,6/30/2021,075,33973
71400/582L,K2106028,033973045,55.0,7/2/2021,075,33973
71400/582L,K2106028,033973047,50.0,7/6/2021,075,33973
71400/582L,K2106028,033973048,55.0,7/6/2021,075,33973
71400/582L,K2106028,133973050,50.6,7/6/2021,075,33973
71400/582L,K2106028,033973054,53.7,7/6/2021,075,33973
CF5022/0,K2107038,034258001,39.8,7/23/2021,075,34258
CF5022/0,K2107038,034258002,39.3,7/23/2021,075,34258
CF5022/0,K2107038,034258003,39.4,7/23/2021,075,34258
CF5022/0,K2107038,034258004,39.3,7/23/2021,075,34258
CF5022/0,K2107038,034258005,39.7,7/23/2021,075,34258
CF5022/0,K2107038,034258006,38.7,7/24/2021,075,34258
CF5022/0,K2107038,034258007,39.4,7/24/2021,075,34258
CF5022/0,K2107038,034258008,39.5,7/26/2021,075,34258
CF5022/0,K2107038,034258009,39.9,7/26/2021,075,34258
CF5036/0,K2108077,034621002,54.2,8/26/2021,120,34621
2140373/BC2,K2201019,035812031,43.3,1/27/2022,163,35812
2140373/BC2,K2201019,035812032,48.1,1/28/2022,163,35812
2140373/BC2,K2201019,035812034,48.3,1/31/2022,163,35812
DFF446R/S,K2202005,036119039,47.9,3/26/2022,526,36119
BK 8415/3LC2,K2204018,037112070,51.9,5/31/2022,012,37112
BK 8415/3LC2,K2204018,037112075,52.3,6/1/2022,012,37112
BK 8415/3LC2,K2204018,137112076,50.0,6/1/2022,012,37112
BK 8415/3LC2,K2204018,037112077,53.4,6/1/2022,012,37112
BK 8415/3LC2,K2204018,037112078,51.5,6/1/2022,012,37112
BK 8415/3LC2,K2204018,037112079,52.5,6/1/2022,012,37112
BK 8415/3LC2,K2204018,037114089,48.8,5/31/2022,059,37114
BK 8415/3LC2,K2204018,037114090,50.0,5/31/2022,059,37114
BK 8415/3LC2,K2204018,037114092,50.1,6/1/2022,059,37114
BK 8415/3LC2,K2204018,037114093,49.2,6/1/2022,059,37114
BK 8415/3LC2,K2204018,037114094,51.4,6/1/2022,059,37114
BK 8415/3LC2,K2204018,037114095,51.3,6/1/2022,059,37114
CF5090/0,K2206075,037530002,43.1,6/24/2022,066,37530
CF5109/0,K2207092,037839006,51.2,8/16/2022,095,37839
CF5109/0,K2207092,037839030,52.8,8/20/2022,095,37839
CF5109/0,K2207092,037839036,53.0,8/22/2022,095,37839
CF5109/0,K2207092,037839037,53.0,8/22/2022,095,37839
CF5109/0,K2207092,037839038,52.9,8/22/2022,095,37839
CF5109/0,K2207092,037839039,51.6,8/22/2022,095,37839
CF5109/0,K2207092,037839040,52.7,8/22/2022,095,37839
CF5109/0,K2207092,037839041,52.9,8/22/2022,095,37839
CF5109/0,K2207092,037839042,52.8,8/22/2022,095,37839
CF5109/0,K2207092,037839043,53.0,8/22/2022,095,37839
CF5109/0,K2207092,037839044,53.0,8/23/2022,095,37839
CF5109/0,K2207092,037839046,52.8,8/23/2022,095,37839
CF5109/0,K2207092,037839047,52.7,8/23/2022,095,37839
CF5109/0,K2207092,037839048,52.7,8/23/2022,095,37839
CF5109/0,K2207092,037839049,52.7,8/23/2022,095,37839
CF5109/0,K2207092,037839050,52.7,8/24/2022,095,37839
CF5109/0,K2207092,037839051,53.0,8/24/2022,095,37839
CF5109/0,K2207092,037839056,61.6,8/25/2022,095,37839
CF5109/0,K2207092,037839058,52.8,8/25/2022,095,37839
CF5109/0,K2207092,137839061,47.4,8/25/2022,095,37839
CF5109/0,K2207092,037839063,51.5,8/26/2022,095,37839
CF5109/0,K2207092,037839067,52.1,8/26/2022,095,37839
CF5109/0,K2207092,037839068,52.7,8/29/2022,095,37839
CF5109/0,K2207092,037839069,52.6,8/29/2022,095,37839
CF5109/0,K2207092,037839071,52.1,8/29/2022,095,37839
CF5109/0,K2207092,037839072,51.7,8/29/2022,095,37839
CF5109/0,K2207092,037839073,52.0,8/29/2022,095,37839
CF5109/0,K2207092,037839074,52.5,8/29/2022,095,37839
CF5109/0,K2207092,037839076,52.2,8/30/2022,095,37839
CF5109/0,K2207092,037839077,51.7,8/30/2022,095,37839
CF5109/0,K2207092,037839078,52.0,8/30/2022,095,37839
CF5109/0,K2207092,037839079,52.1,8/30/2022,095,37839
CF5109/0,K2207092,037839080,53.2,8/30/2022,095,37839
CF5109/0,K2207092,037839083,52.5,8/31/2022,095,37839
CF5109/0,K2207092,037839085,25.8,6/12/2025,095,37839
CF5109/0,K2207092,037839092,25.6,5/15/2025,095,37839
CF5109/0,K2207092,037839093,24.5,6/12/2025,095,37839
CF5109/0,K2207092,037839094,26.1,6/12/2025,095,37839
1418/0,K2208013,037885002,53.6,8/25/2022,039,37885
RC38/0,K2208093,038036242,47.9,11/7/2022,095,38036
CF5141/0,K2208131,038104003,51.5,9/2/2022,085,38104
CF1088N/1,K2210074,038614001,48.5,11/9/2022,519,38614
CF1088N/1,K2210074,038614002,50.1,11/10/2022,519,38614
CF1088N/1,K2210074,038614003,50.1,11/10/2022,519,38614
CF1088N/1,K2210074,038614004,50.4,11/10/2022,519,38614
CF1088N/1,K2210074,138614005,50.0,11/10/2022,519,38614
CF1088N/1,K2210074,038614006,49.9,11/11/2022,519,38614
CF1088N/1,K2210074,038614007,50.6,11/10/2022,519,38614
CF1088N/1,K2210074,038614008,50.5,11/11/2022,519,38614
CF1088N/1,K2210074,038614009,50.6,11/11/2022,519,38614
CF1088N/1,K2210074,038614010,50.6,11/14/2022,519,38614
CF1088N/1,K2210074,038614011,50.4,11/14/2022,519,38614
CF1088N/1,K2210074,038614012,50.4,11/14/2022,519,38614
CF1088N/1,K2210074,038614013,50.1,11/15/2022,519,38614
CF1088N/1,K2210074,038614014,50.0,11/15/2022,519,38614
CF1088N/1,K2210074,138614015,41.2,11/15/2022,519,38614
CF1088N/1,K2210074,038614016,50.1,11/15/2022,519,38614
CF1088N/1,K2210074,038614017,50.3,11/16/2022,519,38614
CF1088N/1,K2210074,038614018,49.8,11/16/2022,519,38614
CF1088N/1,K2210074,138614019,44.5,11/16/2022,519,38614
CF1088N/1,K2210074,038614020,48.3,11/16/2022,519,38614
CF1088N/1,K2210074,038614021,24.5,11/16/2022,519,38614
CF5185/0,K2210105,038691002,43.5,11/4/2022,066,38691
CF5186/0,K2210106,038692001,42.7,10/28/2022,066,38692
CF5187/0,K2210112,038702001,41.0,11/8/2022,066,38702
CF5191/0,K2210120,138719001,26.2,11/11/2022,157,38719
CF5188/0,K2210127,038731001,38.5,11/11/2022,066,38731
CF5189/0,K2210128,038733002,41.6,11/16/2022,066,38733
CF5004/0,K2211083,038940001,51.2,12/1/2022,092,38940
CF5004/0,K2211083,038940002,49.0,12/2/2022,092,38940
CF5004/0,K2211083,038940003,49.4,12/2/2022,092,38940
CF5283/0,K2304014,040092005,56.0,4/27/2023,026,40092
CF5248/U,K2304064,040182005,43.5,4/21/2023,017,40182
1874/0,K2305001,040235007,41.7,5/12/2023,111,40235
1874/0,K2305001,040235008,41.9,5/17/2023,111,40235
1874/0,K2305001,040235009,41.9,5/17/2023,111,40235
1874/0,K2305001,140235010,36.6,5/16/2023,111,40235
1874/0,K2305001,040235011,44.3,5/17/2023,111,40235
1874/0,K2305001,040235012,41.2,5/17/2023,111,40235
DFF3793/N1,K2308002,040800005,38.7,8/16/2023,060,40800
DFF3793/N1,K2308002,040800006,40.0,8/16/2023,060,40800
DFF3793R/N1,K2308003,140803001,49.7,8/23/2023,075,40803
CF5338/0,K2309030,041119001,15.4,9/20/2023,026,41119
CF5339/0,K2309032,041121002,52.1,9/22/2023,044,41121
CF5338/0,K2309077,041211001,43.2,9/21/2023,026,41211
CF5338/0,K2309077,041211002,44.4,9/21/2023,026,41211
CF5338/0,K2309077,041211003,44.8,9/21/2023,026,41211
CF5338/0,K2309077,041211004,44.3,9/21/2023,026,41211
CF5338/0,K2309077,041211005,45.3,9/21/2023,026,41211
CF5338/0,K2309077,041211006,44.4,9/22/2023,026,41211
CF5338/0,K2309077,041211007,45.8,9/22/2023,026,41211
CF5338/0,K2309077,041211008,46.6,9/22/2023,026,41211
CF5338/0,K2309077,041211009,44.4,9/22/2023,026,41211
CF5338/0,K2309077,041211010,43.1,9/22/2023,026,41211
CF5338/0,K2309077,041211011,44.6,9/22/2023,026,41211
CF5338/0,K2309077,041211012,50.2,9/23/2023,026,41211
CF5338/0,K2309077,041211013,49.6,9/22/2023,026,41211
CF5338/0,K2309077,041211014,49.2,9/22/2023,026,41211
CF5338/0,K2309077,041211015,50.1,9/25/2023,026,41211
CF5339/0,K2309081,141212001,24.3,9/25/2023,044,41212
CF5339/0,K2309081,041212002,48.5,9/25/2023,044,41212
CF5339/0,K2309081,041212003,51.3,9/25/2023,044,41212
CF5339/0,K2309081,041212004,57.5,9/25/2023,044,41212
CF5339/0,K2309081,041212005,55.2,9/25/2023,044,41212
CF5340/0,K2309085,041223001,52.0,10/5/2023,075,41223
CF5340/0,K2309085,041223002,56.2,10/6/2023,075,41223
CF5117-HVY/0,K2309083,041224016,39.8,10/5/2023,044,41224
CF5117-HVY/0,K2309083,041224021,46.2,10/16/2023,044,41224
CF5117-HVY/0,K2309083,041224022,40.4,10/16/2023,044,41224
CF5117-HVY/0,K2309083,041224023,40.3,10/16/2023,044,41224
CF5117-HVY/0,K2309083,041224024,40.3,10/16/2023,044,41224
CF5117-HVY/0,K2309083,041224025,40.2,10/16/2023,044,41224
CF5288/0,K2309084,041225004,49.1,10/10/2023,075,41225
180000/1,K2310088,841463274,40.2,3/30/2024,124,41463
180000/1,K2310088,841463277,40.3,3/30/2024,124,41463
180000/1,K2310088,841463291,40.3,3/30/2024,124,41463
180000/1,K2310088,841463293,23.7,3/30/2024,124,41463
180000/1,K2310088,841463296,35.0,3/30/2024,124,41463
180000/1,K2310088,841463301,40.0,3/30/2024,124,41463
DFF446R/LP,K2311066,041675008,51.8,2/26/2024,075,41675
DFF446R/LP,K2311066,041675009,49.4,2/26/2024,075,41675
DFF446R/LP,K2311066,041675011,49.3,2/27/2024,075,41675
DFF446R/LP,K2311066,041675015,49.5,2/27/2024,075,41675
205FLX2006/M,K2401081,042041270,74.5,1/10/2025,,42041
205FLX2006/M,K2401081,042041368,77.0,12/17/2024,527,42041
205FLX2006/M,K2401081,042041369,77.6,12/17/2024,527,42041
205FLX2006/M,K2401081,042041379,76.0,12/31/2024,527,42041
205FLX2006/M,K2401081,042041381,75.8,1/2/2025,527,42041
205FLX2006/M,K2401081,842041382,75.5,1/6/2025,527,42041
205FLX2006/M,K2401081,042041383,75.9,1/6/2025,527,42041
205FLX2006/M,K2401081,842041384,75.6,1/7/2025,527,42041
205FLX2006/M,K2401081,042041385,76.7,1/7/2025,527,42041
205FLX2006/M,K2401081,042041386,75.6,1/8/2025,527,42041
205FLX2006/M,K2401081,042041387,76.2,1/9/2025,527,42041
205FLX2006/M,K2401081,042041388,76.3,1/10/2025,527,42041
205FLX2006/M,K2401081,042041389,76.7,1/13/2025,527,42041
205FLX2006/M,K2401081,042041390,76.0,1/13/2025,527,42041
205FLX2006/M,K2401081,842041391,74.5,1/14/2025,527,42041
205FLX2006/M,K2401081,042041392,76.9,1/15/2025,527,42041
205FLX2006/M,K2401081,042041393,76.1,1/15/2025,527,42041
205FLX2006/M,K2401081,042041394,76.6,1/16/2025,527,42041
205FLX2006/M,K2401081,042041395,75.9,1/29/2025,527,42041
205FLX2006/M,K2401081,842041396,76.8,1/29/2025,527,42041
205FLX2006/M,K2401081,842041397,76.5,1/29/2025,527,42041
205FLX2006/M,K2401081,042041398,75.9,1/29/2025,527,42041
205FLX2006/M,K2401081,042041399,76.7,1/29/2025,527,42041
205FLX2006/M,K2401081,042041400,76.3,1/21/2025,527,42041
205FLX2006/M,K2401081,042041401,76.2,1/24/2025,527,42041
205FLX2006/M,K2401081,042041402,76.4,1/27/2025,527,42041
205FLX2006/M,K2401081,842041403,76.4,1/27/2025,527,42041
205FLX2006/M,K2401081,042041404,76.6,1/28/2025,527,42041
205FLX2006/M,K2401081,042041405,76.1,1/29/2025,527,42041
205FLX2006/M,K2401081,042041406,76.5,1/29/2025,527,42041
205FLX2006/M,K2401081,042041407,75.9,1/30/2025,527,42041
205FLX2006/M,K2401081,842041408,76.7,1/30/2025,527,42041
205FLX2006/M,K2401081,042041409,76.5,1/31/2025,527,42041
205FLX2006/M,K2401081,842041410,77.1,2/3/2025,527,42041
205FLX2006/M,K2401081,842041411,76.6,2/4/2025,527,42041
205FLX2006/M,K2401081,042041412,77.6,2/4/2025,527,42041
205FLX2006/M,K2401081,042041413,76.8,2/5/2025,527,42041
205FLX2006/M,K2401081,042041414,76.7,2/5/2025,527,42041
205FLX2006/M,K2401081,042041415,77.6,2/6/2025,527,42041
205FLX2006/M,K2401081,042041416,76.9,2/7/2025,527,42041
205FLX2006/M,K2401081,042041417,77.6,2/7/2025,527,42041
205FLX2006/M,K2401081,042041418,75.6,2/10/2025,527,42041
205FLX2006/M,K2401081,042041419,77.3,2/11/2025,527,42041
205FLX2006/M,K2401081,842041420,77.2,2/11/2025,527,42041
205FLX2006/M,K2401081,042041421,75.9,2/12/2025,527,42041
205FLX2006/M,K2401081,042041422,77.3,2/12/2025,527,42041
205FLX2006/M,K2401081,042041423,76.9,2/13/2025,527,42041
205FLX2006/M,K2401081,042041424,77.3,2/14/2025,527,42041
205FLX2006/M,K2401081,042041425,77.0,2/14/2025,527,42041
205FLX2006/M,K2401081,042041426,76.4,2/17/2025,527,42041
205FLX2006/M,K2401081,042041427,77.0,2/17/2025,527,42041
205FLX2006/M,K2401081,042041428,76.2,2/17/2025,527,42041
205FLX2006/M,K2401081,042041429,77.5,2/20/2025,527,42041
205FLX2006/M,K2401081,042041430,76.8,2/20/2025,527,42041
205FLX2006/M,K2401081,042041431,77.8,2/21/2025,527,42041
205FLX2006/M,K2401081,042041432,77.4,3/5/2025,527,42041
205FLX2006/M,K2401081,842041433,76.5,2/25/2025,527,42041
205FLX2006/M,K2401081,842041434,76.9,2/25/2025,527,42041
205FLX2006/M,K2401081,842041435,76.9,2/27/2025,527,42041
205FLX2006/M,K2401081,842041436,77.7,2/27/2025,527,42041
205FLX2006/M,K2401081,042041437,76.8,2/28/2025,527,42041
205FLX2006/M,K2401081,042041438,77.4,2/28/2025,527,42041
205FLX2006/M,K2401081,042041439,77.3,3/3/2025,527,42041
205FLX2006/M,K2401081,042041440,77.1,3/4/2025,527,42041
205FLX2006/M,K2401081,842041441,76.6,3/5/2025,527,42041
205FLX2006/M,K2401081,042041442,77.7,3/6/2025,527,42041
205FLX2006/M,K2401081,842041443,77.5,3/6/2025,527,42041
205FLX2006/M,K2401081,042041444,76.8,3/10/2025,527,42041
205FLX2006/M,K2401081,042041445,77.1,3/10/2025,527,42041
205FLX2006/M,K2401081,042041446,77.3,3/11/2025,527,42041
205FLX2006/M,K2401081,842041447,77.2,3/11/2025,527,42041
205FLX2006/M,K2401081,042041448,77.0,3/12/2025,527,42041
205FLX2006/M,K2401081,042041449,77.0,3/12/2025,527,42041
205FLX2006/M,K2401081,042041450,76.5,3/13/2025,527,42041
205FLX2006/M,K2401081,842041451,77.1,3/13/2025,527,42041
205FLX2006/M,K2401081,842041452,76.4,3/14/2025,527,42041
205FLX2006/M,K2401081,842041453,77.2,3/14/2025,527,42041
205FLX2006/M,K2401081,842041454,77.4,3/14/2025,527,42041
205FLX2006/M,K2401081,042041455,77.5,3/18/2025,527,42041
205FLX2006/M,K2401081,842041456,76.4,3/18/2025,527,42041
205FLX2006/M,K2401081,042041457,77.4,3/19/2025,527,42041
205FLX2006/M,K2401081,042041458,77.1,3/19/2025,527,42041
205FLX2006/M,K2401081,842041459,76.9,3/20/2025,527,42041
205FLX2006/M,K2401081,842041460,77.2,3/21/2025,527,42041
205FLX2006/M,K2401081,042041462,75.5,3/24/2025,535,42041
205FLX2006/M,K2401081,842041463,75.1,3/25/2025,535,42041
205FLX2006/M,K2401081,042041467,75.8,3/27/2025,535,42041
205FLX2006/M,K2401081,042041468,75.0,3/27/2025,535,42041
205FLX2006/M,K2401081,842041469,75.7,3/28/2025,535,42041
205FLX2006/M,K2401081,042041470,74.7,3/28/2025,535,42041
205FLX2006/M,K2401081,842041471,76.0,3/31/2025,535,42041
205FLX2006/M,K2401081,042041472,74.9,3/31/2025,535,42041
205FLX2006/M,K2401081,042041473,75.7,4/1/2025,535,42041
205FLX2006/M,K2401081,842041474,75.6,4/1/2025,535,42041
205FLX2006/M,K2401081,042041475,75.4,4/2/2025,535,42041
205FLX2006/M,K2401081,042041476,75.8,4/2/2025,535,42041
205FLX2006/M,K2401081,042041477,75.2,4/3/2025,535,42041
205FLX2006/M,K2401081,042041478,75.2,4/3/2025,535,42041
205FLX2006/M,K2401081,842041479,76.2,4/4/2025,535,42041
205FLX2006/M,K2401081,842041480,75.0,4/4/2025,535,42041
205FLX2006/M,K2401081,042041481,76.9,4/7/2025,535,42041
205FLX2006/M,K2401081,042041482,76.4,4/7/2025,535,42041
205FLX2006/M,K2401081,042041483,76.3,4/8/2025,535,42041
205FLX2006/M,K2401081,042041484,76.5,4/18/2025,535,42041
205FLX2006/M,K2401081,042041485,76.1,4/9/2025,535,42041
205FLX2006/M,K2401081,842041486,75.7,4/9/2025,535,42041
205FLX2006/M,K2401081,042041487,77.0,4/10/2025,535,42041
205FLX2006/M,K2401081,842041488,76.6,4/10/2025,535,42041
205FLX2006/M,K2401081,042041489,76.1,4/11/2025,535,42041
205FLX2006/M,K2401081,042041490,76.8,4/11/2025,535,42041
205FLX2006/M,K2401081,842041491,76.1,4/14/2025,535,42041
205FLX2006/M,K2401081,042041492,76.2,4/14/2025,535,42041
205FLX2006/M,K2401081,042041493,75.7,4/15/2025,535,42041
205FLX2006/M,K2401081,042041494,75.5,4/15/2025,535,42041
205FLX2006/M,K2401081,042041495,76.4,4/16/2025,535,42041
205FLX2006/M,K2401081,042041496,75.8,4/16/2025,535,42041
205FLX2006/M,K2401081,842041497,76.0,4/17/2025,535,42041
205FLX2006/M,K2401081,842041498,76.2,4/17/2025,535,42041
205FLX2006/M,K2401081,042041499,75.3,4/18/2025,535,42041
205FLX2006/M,K2401081,042041500,75.9,4/18/2025,535,42041
205FLX2006/M,K2401081,042041501,75.4,4/21/2025,535,42041
205FLX2006/M,K2401081,042041502,75.7,4/21/2025,535,42041
205FLX2006/M,K2401081,042041503,74.7,4/22/2025,535,42041
205FLX2006/M,K2401081,042041504,76.3,4/22/2025,535,42041
205FLX2006/M,K2401081,042041505,75.0,4/23/2025,535,42041
205FLX2006/M,K2401081,042041506,75.9,4/24/2025,535,42041
205FLX2006/M,K2401081,042041507,75.4,4/24/2025,535,42041
205FLX2006/M,K2401081,042041508,77.3,4/25/2025,535,42041
205FLX2006/M,K2401081,042041509,74.7,4/25/2025,535,42041
205FLX2006/M,K2401081,842041510,75.5,4/26/2025,535,42041
205FLX2006/M,K2401081,842041511,75.6,4/29/2025,535,42041
205FLX2006/M,K2401081,042041512,75.3,4/29/2025,535,42041
205FLX2006/M,K2401081,042041513,75.9,4/30/2025,535,42041
205FLX2006/M,K2401081,042041514,76.0,4/30/2025,535,42041
205FLX2006/M,K2401081,842041515,75.2,5/1/2025,535,42041
205FLX2006/M,K2401081,042041516,52.7,5/2/2025,535,42041
CF5388/0,K2402071,042184063,41.5,4/1/2024,043,42184
80393D/B,K2403001,842247007,49.7,3/11/2024,055,42247
80393D/B,K2403001,842247008,50.2,3/11/2024,055,42247
80393D/B,K2403001,842247009,58.6,3/12/2024,055,42247
80393D/B,K2403001,842247010,48.7,3/12/2024,055,42247
80393D/B,K2403001,842247012,47.4,3/13/2024,055,42247
80393D/B,K2403001,842247013,49.4,3/13/2024,055,42247
80393D/B,K2403001,842247014,50.1,3/14/2024,055,42247
80393D/B,K2403001,842247015,49.5,3/14/2024,055,42247
1922/P,K2403002,142254012,43.5,3/7/2024,058,42254
1922/P,K2403002,442254012,50.8,3/6/2024,058,42254
1922/P,K2403002,042254017,50.5,3/6/2024,058,42254
1922/P,K2403002,042254019,58.5,3/7/2024,058,42254
205FLX2006/9M,K2403026,042329002,79.5,4/8/2024,528,42329
205FLX2006/9M,K2403026,042329003,80.0,4/9/2024,528,42329
205FLX2006/9M,K2403026,042329004,75.2,4/9/2024,528,42329
205FLX2006/9M,K2403026,042329005,74.7,4/9/2024,528,42329
205FLX2006/9M,K2403026,042329006,75.3,4/11/2024,528,42329
205FLX2006/9M,K2403026,042329007,74.9,4/11/2024,528,42329
DFF446J/P,K2403073,042415147,49.7,4/18/2024,044,42415
DFF446J/P,K2403073,042415148,49.1,4/18/2024,044,42415
DFF446J/P,K2403073,042415149,49.8,4/18/2024,044,42415
FAB320-40/1,K2403076,042420002,44.7,3/28/2024,104,42420
FAB320-40/1,K2403076,042420003,43.1,3/28/2024,104,42420
FAB320-40/1,K2403076,042420004,43.8,3/28/2024,104,42420
FAB320-40/1,K2403076,042420005,44.2,3/28/2024,104,42420
FAB320-40/1,K2403076,042420007,40.0,3/29/2024,104,42420
FAB320-40/1,K2403076,042420021,39.6,4/2/2024,104,42420
FAB320-40/1,K2403076,042420026,39.6,4/3/2024,104,42420
FAB320-40/1,K2403076,042420027,39.9,4/3/2024,104,42420
FAB320-40/1,K2403076,042420031,21.8,7/2/2025,104,42420
80393D/B,K2404055,042521001,54.2,4/13/2024,055,42521
80393D/B,K2404055,042521002,54.2,4/15/2024,055,42521
80393D/B,K2404055,042521003,51.0,4/15/2024,055,42521
80393D/B,K2404055,042521004,55.6,4/15/2024,055,42521
80393D/B,K2404055,142521005,48.5,4/16/2024,055,42521
80393D/B,K2404055,142521008,46.0,5/2/2024,055,42521
80393D/B,K2404055,042521009,54.2,5/2/2024,055,42521
80393D/B,K2404055,142521010,49.3,5/2/2024,055,42521
80393D/B,K2404055,042521011,26.3,5/10/2024,055,42521
CF5402/0,K2404056,042524002,40.1,4/23/2024,011,42524
CF5404/0,K2404061,042531002,49.3,6/18/2024,081,42531
FAB310-40/0,K2403009,042609231,50.9,3/26/2025,032,42609
FAB310-40/0,K2403009,042609232,50.5,3/26/2025,032,42609
FAB310-40/0,K2403009,042609234,48.6,3/27/2025,032,42609
FAB310-40/0,K2403009,042609241,51.2,3/28/2025,032,42609
FAB310-40/0,K2403009,042609242,43.3,3/28/2025,032,42609
FAB310-40/0,K2403009,042609244,50.8,3/28/2025,032,42609
FAB310-40/0,K2403009,042609251,49.8,4/1/2025,032,42609
FAB310-40/0,K2403009,042609253,51.1,4/1/2025,032,42609
FAB310-40/0,K2403009,142609255,46.7,4/1/2025,032,42609
FAB310-40/0,K2403009,042609259,51.1,4/2/2025,032,42609
FAB310-40/0,K2403009,042609262,51.2,4/2/2025,032,42609
FAB310-40/0,K2403009,042609274,46.4,6/2/2025,032,42609
FAB310-40/0,K2403009,142609284,49.3,6/4/2025,032,42609
FAB310-40/0,K2403009,042609285,50.9,6/4/2025,032,42609
FAB310-40/0,K2403009,142609286,52.2,6/6/2025,032,42609
FAB310-40/0,K2403009,042609287,51.5,6/4/2025,032,42609
FAB310-40/0,K2403009,042609288,50.9,6/5/2025,032,42609
FAB310-40/0,K2403009,042609290,50.9,6/5/2025,032,42609
FAB310-40/0,K2403009,142609291,52.1,6/10/2025,032,42609
FAB310-40/0,K2403009,042609296,50.8,6/5/2025,032,42609
FAB310-40/0,K2403009,042609298,51.1,6/6/2025,032,42609
FAB310-40/0,K2403009,042609300,51.3,6/6/2025,032,42609
FAB310-40/0,K2403009,042609301,51.4,6/6/2025,032,42609
FAB310-40/0,K2403009,142609302,49.9,6/9/2025,032,42609
FAB310-40/0,K2403009,042609304,51.8,6/9/2025,032,42609
FAB310-40/0,K2403009,042609305,51.5,6/9/2025,032,42609
FAB310-40/0,K2403009,042609306,51.0,6/9/2025,032,42609
FAB310-40/0,K2403009,042609310,51.1,6/10/2025,032,42609
FAB310-40/0,K2403009,142609311,51.1,6/10/2025,032,42609
FAB310-40/0,K2403009,042609312,57.1,6/10/2025,032,42609
FAB310-40/0,K2403009,042609313,51.0,6/11/2025,032,42609
FAB310-40/0,K2403009,042609314,50.6,6/11/2025,032,42609
FAB310-40/0,K2403009,042609315,50.9,6/11/2025,032,42609
FAB310-40/0,K2403009,142609316,46.2,6/12/2025,032,42609
FAB310-40/0,K2403009,142609317,49.8,6/12/2025,032,42609
FAB310-40/0,K2403009,042609318,50.9,6/12/2025,032,42609
FAB310-40/0,K2403009,042609319,52.3,6/12/2025,032,42609
FAB310-40/0,K2403009,142609320,45.9,6/12/2025,032,42609
FAB310-40/0,K2403009,042609321,51.1,6/12/2025,032,42609
FAB310-40/0,K2403009,142609322,46.5,6/12/2025,032,42609
FAB310-40/0,K2403009,042609323,51.2,6/13/2025,032,42609
FAB310-40/0,K2403009,042609324,51.2,6/13/2025,032,42609
FAB310-40/0,K2403009,042609325,51.1,6/13/2025,032,42609
FAB310-40/0,K2403009,042609326,51.6,6/13/2025,032,42609
FAB310-40/0,K2403009,142609327,50.6,6/13/2025,032,42609
FAB310-40/0,K2403009,042609328,51.6,6/13/2025,032,42609
FAB310-40/0,K2403009,042609329,51.2,6/13/2025,032,42609
FAB310-40/0,K2403009,042609330,51.3,6/13/2025,032,42609
FAB310-40/0,K2403009,142609331,51.1,6/14/2025,032,42609
FAB310-40/0,K2403009,042609332,51.0,6/14/2025,032,42609
FAB310-40/0,K2403009,042609333,50.5,6/14/2025,032,42609
FAB310-40/0,K2403009,042609334,51.0,6/14/2025,032,42609
FAB310-40/0,K2403009,042609335,51.2,6/14/2025,032,42609
FAB310-40/0,K2403009,042609336,51.2,6/16/2025,032,42609
FAB310-40/0,K2403009,042609337,51.3,6/16/2025,032,42609
FAB310-40/0,K2403009,042609338,51.2,6/16/2025,032,42609
FAB310-40/0,K2403009,142609339,54.0,6/17/2025,032,42609
FAB310-40/0,K2403009,042609340,51.5,6/16/2025,032,42609
FAB310-40/0,K2403009,042609341,51.0,6/16/2025,032,42609
FAB310-40/0,K2403009,042609342,51.1,6/16/2025,032,42609
FAB310-40/0,K2403009,042609343,51.1,6/17/2025,032,42609
FAB310-40/0,K2403009,042609344,51.1,6/17/2025,032,42609
FAB310-40/0,K2403009,042609345,51.2,6/17/2025,032,42609
FAB310-40/0,K2403009,042609346,51.0,6/17/2025,032,42609
FAB310-40/0,K2403009,042609347,51.6,6/17/2025,032,42609
FAB310-40/0,K2403009,042609348,51.0,6/17/2025,032,42609
FAB310-40/0,K2403009,042609349,51.0,6/17/2025,032,42609
FAB310-40/0,K2403009,042609350,51.0,6/17/2025,032,42609
FAB310-40/0,K2403009,042609351,51.0,6/18/2025,032,42609
FAB310-40/0,K2403009,042609352,51.1,6/18/2025,032,42609
FAB310-40/0,K2403009,042609353,50.9,6/18/2025,032,42609
FAB310-40/0,K2403009,142609354,47.2,6/18/2025,032,42609
FAB310-40/0,K2403009,042609355,51.2,6/18/2025,032,42609
FAB310-40/0,K2403009,042609356,50.3,6/18/2025,032,42609
FAB310-40/0,K2403009,042609357,50.9,6/18/2025,032,42609
FAB310-40/0,K2403009,042609358,51.0,6/18/2025,032,42609
FAB310-40/0,K2403009,042609359,51.0,6/19/2025,032,42609
FAB310-40/0,K2403009,042609360,51.1,6/19/2025,032,42609
CF5409/0,K2405019,042664001,37.2,5/7/2024,128,42664
CF5407/0,K2405022,042682001,48.6,4/9/2024,034,42682
CF5407/0,K2405022,042682002,52.1,4/9/2024,034,42682
CF5407/0,K2405022,042682003,52.2,4/10/2024,034,42682
CF5407/0,K2405022,042682004,53.5,4/10/2024,034,42682
CF5407/0,K2405022,042682005,52.1,4/10/2024,034,42682
CF5407/0,K2405022,042682006,58.9,4/10/2024,034,42682
CF5408/0,K2405023,042683001,48.7,4/8/2024,075,42683
CF5406/0,K2405038,042706007,48.2,5/11/2024,024,42706
CF5406/0,K2405038,042706008,48.1,5/11/2024,024,42706
CF5406/0,K2405038,042706009,48.1,5/11/2024,024,42706
CF5406/0,K2405038,042706010,47.9,5/11/2024,024,42706
CF5406/0,K2405038,042706011,47.5,5/11/2024,024,42706
CF5406/0,K2405038,042706012,48.0,5/11/2024,024,42706
205FLX2006/M,K2408023,042922185,73.4,11/12/2024,535,42922
205FLX2006/M,K2408023,042922187,73.1,11/13/2024,535,42922
205FLX2006/M,K2408023,042922188,72.6,11/13/2024,535,42922
205FLX2006/M,K2408023,842922260,75.4,1/21/2025,535,42922
205FLX2006/M,K2408023,042922261,75.3,1/21/2025,535,42922
205FLX2006/M,K2408023,042922262,75.5,1/15/2025,535,42922
205FLX2006/M,K2408023,042922263,74.2,1/15/2025,535,42922
205FLX2006/M,K2408023,042922264,76.0,1/29/2025,535,42922
205FLX2006/M,K2408023,042922265,75.4,1/29/2025,535,42922
205FLX2006/M,K2408023,842922266,76.1,1/29/2025,535,42922
205FLX2006/M,K2408023,042922267,75.3,1/29/2025,535,42922
205FLX2006/M,K2408023,042922268,75.6,1/29/2025,535,42922
205FLX2006/M,K2408023,042922269,75.6,1/29/2025,535,42922
205FLX2006/M,K2408023,042922270,75.6,1/29/2025,535,42922
205FLX2006/M,K2408023,042922271,74.8,1/22/2025,535,42922
205FLX2006/M,K2408023,042922272,76.2,1/23/2025,535,42922
205FLX2006/M,K2408023,842922273,74.9,1/24/2025,535,42922
205FLX2006/M,K2408023,842922274,74.6,1/27/2025,535,42922
205FLX2006/M,K2408023,042922275,75.2,1/27/2025,535,42922
205FLX2006/M,K2408023,042922276,75.6,1/28/2025,535,42922
205FLX2006/M,K2408023,042922277,74.4,1/28/2025,535,42922
205FLX2006/M,K2408023,042922278,75.8,1/29/2025,535,42922
205FLX2006/M,K2408023,042922279,74.9,1/29/2025,535,42922
205FLX2006/M,K2408023,042922280,75.9,1/30/2025,535,42922
205FLX2006/M,K2408023,042922281,75.9,1/30/2025,535,42922
205FLX2006/M,K2408023,042922282,75.6,1/31/2025,535,42922
205FLX2006/M,K2408023,042922283,75.6,1/31/2025,535,42922
205FLX2006/M,K2408023,042922284,75.9,2/3/2025,535,42922
205FLX2006/M,K2408023,042922285,75.5,2/3/2025,535,42922
205FLX2006/M,K2408023,042922286,75.5,2/4/2025,535,42922
205FLX2006/M,K2408023,042922287,75.2,2/4/2025,535,42922
205FLX2006/M,K2408023,042922288,76.0,2/5/2025,535,42922
205FLX2006/M,K2408023,042922289,75.4,2/5/2025,535,42922
205FLX2006/M,K2408023,042922290,76.3,2/6/2025,535,42922
205FLX2006/M,K2408023,042922291,75.5,2/7/2025,535,42922
205FLX2006/M,K2408023,842922292,75.7,2/7/2025,535,42922
205FLX2006/M,K2408023,042922293,76.0,2/10/2025,535,42922
205FLX2006/M,K2408023,042922294,76.7,2/10/2025,535,42922
205FLX2006/M,K2408023,042922295,76.3,2/11/2025,535,42922
205FLX2006/M,K2408023,042922296,76.1,2/11/2025,535,42922
205FLX2006/M,K2408023,042922297,76.5,2/12/2025,535,42922
205FLX2006/M,K2408023,042922298,75.6,2/12/2025,535,42922
205FLX2006/M,K2408023,042922299,76.3,2/13/2025,535,42922
205FLX2006/M,K2408023,042922300,74.5,2/13/2025,535,42922
205FLX2006/M,K2408023,042922301,75.6,2/14/2025,535,42922
205FLX2006/M,K2408023,042922302,75.6,2/14/2025,535,42922
205FLX2006/M,K2408023,042922303,75.3,2/17/2025,535,42922
205FLX2006/M,K2408023,042922304,75.4,2/17/2025,535,42922
205FLX2006/M,K2408023,042922305,75.9,2/18/2025,535,42922
205FLX2006/M,K2408023,042922306,75.5,2/19/2025,535,42922
205FLX2006/M,K2408023,042922307,75.8,2/20/2025,535,42922
205FLX2006/M,K2408023,042922308,74.7,3/5/2025,535,42922
205FLX2006/M,K2408023,042922309,75.1,2/21/2025,535,42922
205FLX2006/M,K2408023,042922310,75.3,2/24/2025,535,42922
205FLX2006/M,K2408023,042922311,73.8,2/24/2025,535,42922
205FLX2006/M,K2408023,042922312,75.6,3/5/2025,535,42922
205FLX2006/M,K2408023,042922313,76.5,3/5/2025,535,42922
205FLX2006/M,K2408023,042922314,75.4,2/26/2025,535,42922
205FLX2006/M,K2408023,042922315,75.1,3/5/2025,535,42922
205FLX2006/M,K2408023,042922316,76.1,2/27/2025,535,42922
205FLX2006/M,K2408023,042922317,76.1,2/27/2025,535,42922
205FLX2006/M,K2408023,042922318,75.5,2/28/2025,535,42922
205FLX2006/M,K2408023,042922319,75.7,2/28/2025,535,42922
205FLX2006/M,K2408023,842922320,75.4,3/3/2025,535,42922
205FLX2006/M,K2408023,842922321,75.4,3/3/2025,535,42922
205FLX2006/M,K2408023,842922322,75.5,3/4/2025,535,42922
205FLX2006/M,K2408023,042922323,75.9,3/4/2025,535,42922
205FLX2006/M,K2408023,842922324,75.3,3/5/2025,535,42922
205FLX2006/M,K2408023,042922325,75.9,3/5/2025,535,42922
205FLX2006/M,K2408023,042922326,75.0,3/6/2025,535,42922
205FLX2006/M,K2408023,042922327,75.3,3/6/2025,535,42922
205FLX2006/M,K2408023,842922328,74.8,3/7/2025,535,42922
205FLX2006/M,K2408023,842922329,75.4,3/7/2025,535,42922
205FLX2006/M,K2408023,042922330,75.4,3/7/2025,535,42922
205FLX2006/M,K2408023,042922332,75.2,3/11/2025,535,42922
205FLX2006/M,K2408023,042922346,74.9,3/19/2025,535,42922
205FLX2006/M,K2408023,842922347,76.0,3/20/2025,535,42922
205FLX2006/M,K2408023,042922348,74.9,3/20/2025,535,42922
205FLX2006/M,K2408023,042922349,75.4,3/21/2025,535,42922
205FLX2006/M,K2408023,042922350,74.9,3/21/2025,535,42922
205FLX2006/B,K2406040,042943209,75.5,12/30/2024,512,42943
205FLX2006/B,K2406040,042943221,75.7,1/10/2025,512,42943
205FLX2006/B,K2406040,042943222,75.7,1/13/2025,512,42943
205FLX2006/B,K2406040,042943223,76.1,1/14/2025,512,42943
205FLX2006/B,K2406040,042943225,75.7,1/28/2025,512,42943
205FLX2006/B,K2406040,042943226,76.1,1/15/2025,512,42943
205FLX2006/B,K2406040,042943228,75.5,1/29/2025,512,42943
205FLX2006/B,K2406040,042943229,76.2,1/29/2025,512,42943
205FLX2006/B,K2406040,042943232,75.4,1/29/2025,512,42943
205FLX2006/B,K2406040,042943233,75.1,1/23/2025,512,42943
205FLX2006/B,K2406040,042943235,76.2,1/23/2025,512,42943
205FLX2006/B,K2406040,042943236,75.5,1/27/2025,512,42943
205FLX2006/B,K2406040,042943237,75.9,1/27/2025,512,42943
205FLX2006/B,K2406040,042943238,75.7,1/28/2025,512,42943
205FLX2006/B,K2406040,142943239,54.7,1/28/2025,512,42943
205FLX2006/B,K2406040,042943240,75.0,1/29/2025,512,42943
205FLX2006/B,K2406040,042943241,75.6,1/29/2025,512,42943
205FLX2006/B,K2406040,042943242,75.3,1/30/2025,512,42943
205FLX2006/B,K2406040,042943243,75.6,1/30/2025,512,42943
205FLX2006/B,K2406040,042943244,75.9,1/31/2025,512,42943
205FLX2006/B,K2406040,042943245,76.1,2/3/2025,512,42943
205FLX2006/B,K2406040,042943246,75.6,2/4/2025,512,42943
205FLX2006/B,K2406040,042943247,76.1,2/4/2025,512,42943
205FLX2006/B,K2406040,042943248,75.8,2/5/2025,512,42943
205FLX2006/B,K2406040,042943249,75.7,2/5/2025,512,42943
205FLX2006/B,K2406040,042943250,75.8,2/6/2025,512,42943
205FLX2006/B,K2406040,042943251,75.3,2/7/2025,512,42943
205FLX2006/B,K2406040,042943252,76.2,2/7/2025,512,42943
205FLX2006/B,K2406040,042943253,75.3,2/10/2025,512,42943
205FLX2006/B,K2406040,042943255,75.6,2/11/2025,512,42943
205FLX2006/B,K2406040,042943256,75.3,2/12/2025,512,42943
205FLX2006/B,K2406040,042943257,76.2,2/12/2025,512,42943
205FLX2006/B,K2406040,042943320,75.2,4/3/2025,512,42943
205FLX2006/B,K2406040,842943330,75.2,4/10/2025,512,42943
205FLX2006/B,K2406040,042943331,75.3,4/11/2025,512,42943
205FLX2006/B,K2406040,042943332,76.2,4/14/2025,512,42943
205FLX2006/B,K2406040,042943333,75.8,4/14/2025,512,42943
205FLX2006/B,K2406040,042943334,75.0,4/15/2025,512,42943
205FLX2006/B,K2406040,042943335,75.6,4/15/2025,512,42943
205FLX2006/B,K2406040,042943336,75.1,4/16/2025,512,42943
205FLX2006/B,K2406040,042943337,75.8,4/16/2025,512,42943
205FLX2006/B,K2406040,042943338,75.1,4/17/2025,512,42943
205FLX2006/B,K2406040,042943339,76.8,4/17/2025,512,42943
205FLX2006/B,K2406040,042943340,75.8,4/18/2025,512,42943
205FLX2006/B,K2406040,042943341,74.7,4/21/2025,512,42943
205FLX2006/B,K2406040,042943342,75.5,4/22/2025,512,42943
205FLX2006/B,K2406040,042943343,74.8,4/22/2025,512,42943
205FLX2006/B,K2406040,042943344,75.3,4/23/2025,512,42943
205FLX2006/B,K2406040,042943345,75.1,4/23/2025,512,42943
205FLX2006/B,K2406040,042943346,75.6,4/24/2025,512,42943
205FLX2006/B,K2406040,042943347,75.1,4/25/2025,512,42943
205FLX2006/B,K2406040,042943348,75.5,4/26/2025,512,42943
205FLX2006/B,K2406040,042943349,75.3,4/26/2025,512,42943
205FLX2006/B,K2406040,042943350,51.3,4/28/2025,512,42943
205FLX2006/B,K2406040,042943351,75.8,4/28/2025,512,42943
205FLX2006/B,K2406040,042943352,75.3,4/29/2025,512,42943
205FLX2006/B,K2406040,042943353,75.1,4/30/2025,512,42943
205FLX2006/B,K2406040,042943354,75.4,4/30/2025,512,42943
205FLX2006/B,K2406040,042943355,75.1,5/1/2025,512,42943
205FLX2006/B,K2406040,042943356,76.6,5/1/2025,512,42943
205FLX2006/B,K2406040,042943357,75.9,5/2/2025,512,42943
205FLX2006/B,K2406040,042943358,75.3,5/2/2025,512,42943
205FLX2006/B,K2406040,042943359,75.0,5/5/2025,512,42943
205FLX2006/B,K2406040,042943360,75.6,5/5/2025,512,42943
205FLX2006/B,K2406040,042943361,74.6,5/6/2025,512,42943
205FLX2006/B,K2406040,042943362,75.2,5/6/2025,512,42943
205FLX2006/B,K2406040,042943363,74.8,5/7/2025,512,42943
205FLX2006/B,K2406040,042943364,75.4,5/7/2025,512,42943
205FLX2006/B,K2406040,042943365,74.8,5/8/2025,512,42943
205FLX2006/B,K2406040,042943366,75.0,5/12/2025,512,42943
205FLX2006/B,K2406040,042943367,75.5,5/12/2025,512,42943
205FLX2006/B,K2406040,042943368,76.1,5/13/2025,512,42943
205FLX2006/B,K2406040,042943369,74.9,5/13/2025,512,42943
205FLX2006/B,K2406040,042943370,75.5,5/14/2025,512,42943
205FLX2006/B,K2406040,042943371,75.4,5/14/2025,512,42943
205FLX2006/B,K2406040,042943372,75.9,5/15/2025,512,42943
205FLX2006/B,K2406040,042943373,74.8,5/15/2025,512,42943
205FLX2006/B,K2406040,842943374,74.7,5/16/2025,535,42943
205FLX2006/B,K2406040,042943375,75.4,5/20/2025,512,42943
205FLX2006/B,K2406040,042943376,74.5,5/21/2025,512,42943
205FLX2006/B,K2406040,042943377,75.2,5/21/2025,512,42943
205FLX2006/B,K2406040,042943378,75.0,5/22/2025,512,42943
205FLX2006/B,K2406040,042943379,74.7,5/23/2025,512,42943
205FLX2006/B,K2406040,042943380,75.0,5/27/2025,512,42943
205FLX2006/B,K2406040,042943381,74.9,5/28/2025,512,42943
205FLX2006/B,K2406040,042943382,74.9,5/28/2025,512,42943
205FLX2006/B,K2406040,042943383,75.0,5/29/2025,512,42943
205FLX2006/B,K2406040,042943384,75.1,5/29/2025,512,42943
205FLX2006/B,K2406040,042943385,75.1,5/30/2025,512,42943
205FLX2006/B,K2406040,042943386,75.0,5/30/2025,512,42943
205FLX2006/B,K2406040,042943387,74.8,5/31/2025,512,42943
205FLX2006/B,K2406040,042943388,74.8,5/31/2025,512,42943
205FLX2006/B,K2406040,042943389,74.5,6/2/2025,512,42943
205FLX2006/B,K2406040,042943390,74.6,6/2/2025,512,42943
205FLX2006/B,K2406040,042943391,74.6,6/3/2025,512,42943
205FLX2006/B,K2406040,042943392,74.5,6/3/2025,512,42943
205FLX2006/B,K2406040,042943393,74.7,6/4/2025,512,42943
205FLX2006/B,K2406040,042943394,74.7,6/5/2025,512,42943
205FLX2006/B,K2406040,042943395,74.4,6/5/2025,512,42943
205FLX2006/B,K2406040,042943396,74.5,6/6/2025,512,42943
205FLX2006/B,K2406040,042943397,74.7,6/6/2025,512,42943
205FLX2006/B,K2406040,042943398,74.6,6/9/2025,512,42943
205FLX2006/B,K2406040,042943399,75.0,6/9/2025,512,42943
205FLX2006/B,K2406040,042943400,74.6,6/10/2025,512,42943
205FLX2006/B,K2406040,042943417,73.9,6/24/2025,512,42943
205FLX2006/B,K2406040,042943426,74.7,7/3/2025,512,42943
205FLX2006/B,K2406040,042943427,74.7,7/3/2025,512,42943
205FLX2006/B,K2406040,042943428,74.0,7/4/2025,512,42943
205FLX2006/B,K2406040,042943429,74.2,7/4/2025,512,42943
205FLX2006/B,K2406040,042943430,74.3,7/7/2025,512,42943
205FLX2006/B,K2406040,042943431,74.5,7/7/2025,512,42943
205FLX2006/B,K2406040,042943432,74.2,7/8/2025,512,42943
205FLX2006/B,K2406040,042943433,41.8,7/8/2025,512,42943
DFF446R/B,K2406054,042954001,49.6,7/9/2024,075,42954
DFF446R/B,K2406054,042954002,50.8,7/9/2024,075,42954
DFF446R/B,K2406054,142954003,50.6,7/10/2024,075,42954
DFF446R/B,K2406054,042954004,52.8,7/9/2024,075,42954
DFF446R/B,K2406054,042954005,50.2,7/9/2024,075,42954
DFF446R/B,K2406054,042954006,52.4,7/10/2024,075,42954
DFF446R/B,K2406054,042954007,52.4,7/10/2024,075,42954
DFF446R/B,K2406054,042954008,51.8,7/10/2024,075,42954
DFF446R/B,K2406054,042954009,51.8,7/10/2024,075,42954
DFF446R/B,K2406054,042954010,52.6,7/10/2024,075,42954
DFF446R/B,K2406054,042954011,51.6,7/10/2024,075,42954
DFF446R/B,K2406054,042954012,52.4,7/10/2024,075,42954
DFF446R/B,K2406054,142954013,50.1,7/11/2024,075,42954
DFF446R/B,K2406054,042954014,52.3,7/11/2024,075,42954
DFF446R/B,K2406054,042954015,51.4,7/11/2024,075,42954
DFF446R/B,K2406054,042954016,48.9,7/11/2024,075,42954
DFF446R/B,K2406054,042954017,53.0,7/11/2024,075,42954
DFF446R/B,K2406054,142954018,51.3,7/15/2024,075,42954
DFF446R/B,K2406054,042954019,51.9,7/16/2024,075,42954
DFF446R/B,K2406054,042954020,53.6,7/16/2024,075,42954
DFF446R/B,K2406054,042954021,52.8,7/16/2024,075,42954
DFF446R/B,K2406054,042954022,53.8,7/16/2024,075,42954
DFF446R/B,K2406054,142954023,43.1,7/16/2024,075,42954
DFF446R/B,K2406054,042954024,53.9,7/17/2024,075,42954
DFF446R/B,K2406054,042954025,53.1,7/17/2024,075,42954
DFF446R/B,K2406054,042954026,53.9,7/18/2024,075,42954
DFF446R/B,K2406054,042954029,54.0,7/18/2024,075,42954
DFF446R/B,K2406054,042954030,53.4,7/18/2024,075,42954
DFF446R/B,K2406054,042954031,54.0,7/18/2024,075,42954
DFF446R/B,K2406054,042954032,54.0,7/18/2024,075,42954
DFF446R/B,K2406054,042954033,54.0,7/18/2024,075,42954
DFF446R/B,K2406054,042954034,53.9,7/19/2024,075,42954
DFF446R/B,K2406054,042954035,53.5,7/19/2024,075,42954
DFF446R/B,K2406054,042954036,54.1,7/19/2024,075,42954
DFF446R/B,K2406054,042954037,53.3,7/19/2024,075,42954
DFF446R/B,K2406054,042954038,53.4,7/19/2024,075,42954
DFF446R/B,K2406054,042954039,53.3,7/19/2024,075,42954
DFF446R/B,K2406054,042954040,54.1,7/19/2024,075,42954
CSP3656/1D,K2407030,043097054,33.3,8/30/2024,146,43097
FAB320-40/0,K2407097,143164001,37.8,7/31/2024,104,43164
FAB320-40/0,K2407097,043164002,37.0,7/31/2024,104,43164
FAB320-40/0,K2407097,043164003,38.2,8/1/2024,104,43164
FAB320-40/0,K2407097,043164004,39.4,8/1/2024,104,43164
FAB320-40/0,K2407097,043164005,39.1,8/2/2024,104,43164
FAB320-40/0,K2407097,043164006,38.1,8/2/2024,104,43164
FAB320-40/0,K2407097,043164007,39.5,8/2/2024,104,43164
FAB320-40/0,K2407097,043164008,39.7,8/2/2024,104,43164
FAB320-40/0,K2407097,043164009,39.2,8/6/2024,104,43164
FAB320-40/0,K2407097,043164010,39.4,8/5/2024,104,43164
FAB320-40/0,K2407097,043164011,39.5,8/5/2024,104,43164
FAB320-40/0,K2407097,043164012,39.2,8/6/2024,104,43164
FAB320-40/0,K2407097,043164013,39.2,8/6/2024,104,43164
FAB320-40/0,K2407097,043164014,39.7,8/6/2024,104,43164
FAB320-40/0,K2407097,043164015,38.8,8/7/2024,104,43164
FAB320-40/0,K2407097,043164016,39.1,8/7/2024,104,43164
FAB320-40/0,K2407097,043164017,39.3,8/7/2024,104,43164
FAB320-40/0,K2407097,043164018,39.3,8/7/2024,104,43164
FAB320-40/0,K2407097,043164019,38.3,8/8/2024,104,43164
FAB320-40/0,K2407097,043164020,38.8,8/8/2024,104,43164
FAB320-40/0,K2407097,043164021,39.7,8/8/2024,104,43164
FAB320-40/0,K2407097,143164022,35.9,8/8/2024,104,43164
FAB320-40/0,K2407097,043164023,39.5,8/8/2024,104,43164
FAB320-40/0,K2407097,043164024,39.6,8/9/2024,104,43164
FAB320-40/0,K2407097,043164025,38.8,8/9/2024,104,43164
FAB320-40/0,K2407097,043164026,38.8,8/9/2024,104,43164
FAB320-40/0,K2407097,043164027,39.6,8/9/2024,104,43164
FAB320-40/0,K2407097,043164029,39.2,8/12/2024,104,43164
FAB320-40/0,K2407097,043164031,39.7,8/12/2024,104,43164
FAB320-40/0,K2407097,043164032,39.5,8/13/2024,104,43164
FAB320-40/0,K2407097,043164034,39.3,8/13/2024,104,43164
FAB320-40/0,K2407097,043164038,40.0,8/14/2024,104,43164
FAB320-40/0,K2407097,043164042,40.9,8/15/2024,104,43164
FAB320-40/0,K2407097,043164044,41.8,8/19/2024,104,43164
FAB320-40/0,K2407097,043164045,41.2,8/19/2024,104,43164
CT0246/L,K2409054,043510025,54.1,9/25/2024,019,43510
H42746/0,K2410016,043570002,73.5,10/15/2024,177,43570
BK 8101/0,K2410056,043616021,40.8,4/15/2025,031,43616
BK 8101/0,K2410056,043616022,43.9,4/15/2025,031,43616
BK 8101/0,K2410056,043616023,41.2,4/15/2025,031,43616
BK 8101/0,K2410056,043616024,42.2,4/15/2025,031,43616
BK 8101/0,K2410056,043616025,42.4,4/15/2025,031,43616
BK 8101/0,K2410056,043616026,41.4,4/16/2025,031,43616
BK 8101/0,K2410056,043616027,39.9,4/16/2025,031,43616
BK 8101/0,K2410056,043616028,41.3,4/17/2025,031,43616
BK 8101/0,K2410056,043616029,42.3,4/17/2025,031,43616
BK 8101/0,K2410056,043616030,40.0,4/17/2025,031,43616
BK 8101/0,K2410056,043616031,42.9,4/18/2025,031,43616
BK 8101/0,K2410056,043616032,43.2,4/17/2025,031,43616
BK 8101/0,K2410056,043616033,42.2,4/18/2025,031,43616
BK 8101/0,K2410056,043616034,42.1,4/18/2025,031,43616
BK 8101/0,K2410056,043616035,42.2,4/18/2025,031,43616
BK 8101/0,K2410056,143616036,41.6,4/23/2025,031,43616
BK 8101/0,K2410056,043616037,40.9,4/21/2025,031,43616
BK 8101/0,K2410056,043616038,42.2,4/22/2025,031,43616
BK 8101/0,K2410056,043616039,42.2,4/22/2025,031,43616
BK 8101/0,K2410056,043616040,40.8,4/22/2025,031,43616
BK 8101/0,K2410056,043616041,40.9,4/22/2025,031,43616
BK 8101/0,K2410056,043616042,41.5,4/23/2025,031,43616
BK 8101/0,K2410056,043616043,41.3,4/24/2025,031,43616
BK 8101/0,K2410056,043616044,40.8,4/24/2025,031,43616
BK 8101/0,K2410056,043616045,32.5,4/24/2025,031,43616
BK 8101/0,K2410056,043616046,43.2,4/24/2025,031,43616
BK 8101/0,K2410056,043616047,43.0,4/25/2025,031,43616
BK 8101/0,K2410056,043616048,42.0,4/25/2025,031,43616
BK 8101/0,K2410056,043616049,40.7,4/25/2025,031,43616
BK 8101/0,K2410056,043616050,42.8,4/28/2025,031,43616
BK 8101/0,K2410056,043616051,41.3,4/28/2025,031,43616
BK 8101/0,K2410056,043616052,43.9,4/28/2025,031,43616
BK 8101/0,K2410056,043616053,41.1,4/28/2025,031,43616
BK 8101/0,K2410056,043616054,42.3,4/29/2025,031,43616
BK 8101/0,K2410056,043616055,42.1,4/29/2025,031,43616
BK 8101/0,K2410056,043616056,41.9,4/29/2025,031,43616
BK 8101/0,K2410056,043616057,41.6,4/30/2025,031,43616
BK 8101/0,K2410056,043616058,42.6,4/30/2025,031,43616
BK 8101/0,K2410056,043616059,39.4,4/30/2025,031,43616
BK 8101/0,K2410056,043616060,39.6,5/1/2025,031,43616
BK 8101/0,K2410056,043616061,41.1,5/1/2025,031,43616
BK 8101/0,K2410056,043616062,42.1,5/1/2025,031,43616
BK 8101/0,K2410056,043616063,40.2,5/1/2025,031,43616
BK 8101/0,K2410056,043616064,40.9,5/2/2025,031,43616
BK 8101/0,K2410056,043616065,42.6,5/2/2025,031,43616
BK 8101/0,K2410056,043616066,40.7,5/2/2025,031,43616
BK 8101/0,K2410056,043616067,40.6,5/5/2025,031,43616
BK 8101/0,K2410056,043616068,40.9,5/5/2025,031,43616
BK 8101/0,K2410056,043616069,40.7,5/6/2025,031,43616
BK 8101/0,K2410056,043616070,42.9,5/6/2025,031,43616
FF25000/0005,K2410069,043645004,56.5,12/5/2024,075,43645
1922/L,K2408049,443653161,48.0,11/19/2024,059,43653
CF5261/STR,K2409093,843734006,57.7,11/5/2024,232,43734
CF5261/STR,K2409093,843734007,58.0,11/5/2024,232,43734
CF5261/STR,K2409093,843734008,58.0,11/6/2024,232,43734
CF5261/STR,K2409093,843734009,58.0,11/6/2024,232,43734
CF5261/STR,K2409093,843734010,58.0,11/6/2024,232,43734
1922/L,K2411031,043802078,50.9,12/9/2024,057,43802
CF5443/0,K2411042,043826005,57.9,12/11/2024,086,43826
CF5443/0,K2411042,043826006,57.0,12/10/2024,086,43826
CF5443/0,K2411042,043826007,52.6,12/11/2024,086,43826
CF5443/0,K2411042,043826008,58.4,12/10/2024,086,43826
80393D/0,K2411063,043860001,53.5,11/25/2024,049,43860
80393D/0,K2411063,143860002,54.1,11/26/2024,049,43860
80393D/0,K2411063,143860003,51.1,11/26/2024,049,43860
80393D/0,K2411063,043860004,54.9,11/26/2024,049,43860
80393D/0,K2411063,143860005,50.5,11/27/2024,049,43860
80393D/0,K2411063,043860006,51.5,11/27/2024,049,43860
80393D/0,K2411063,043860007,54.6,11/27/2024,049,43860
80393D/0,K2411063,043860008,54.9,11/28/2024,049,43860
80393D/0,K2411063,043860009,55.0,11/28/2024,049,43860
80393D/0,K2411063,043860010,55.4,11/29/2024,049,43860
80393D/0,K2411063,143860011,59.3,11/29/2024,049,43860
80393D/0,K2411063,043860012,56.0,11/30/2024,049,43860
80393D/0,K2411063,043860013,54.4,11/30/2024,049,43860
80393D/0,K2411063,143860014,47.8,12/2/2024,049,43860
80393D/0,K2411063,143860015,53.0,12/2/2024,049,43860
80393D/0,K2411063,143860016,52.5,12/2/2024,049,43860
CF5444/0,K2412030,043951005,55.4,12/13/2024,086,43951
CF5444/0,K2412030,043951006,56.8,12/11/2024,086,43951
CF5444/0,K2412030,043951007,64.0,12/11/2024,086,43951
CF5444/0,K2412030,043951008,48.6,12/16/2024,086,43951
CF5445/0,K2412031,043952005,49.1,12/17/2024,086,43952
CF5445/0,K2412031,043952006,49.7,12/17/2024,086,43952
CF5445/0,K2412031,043952007,49.8,12/17/2024,086,43952
CF5445/0,K2412031,043952008,49.8,12/17/2024,086,43952
2027-2.9/MVS,K2412036,043959001,59.2,1/2/2025,028,43959
BK 8436/1,K2501021,144098001,11.0,1/13/2025,068,44098
BK 8436/1,K2501021,044098002,10.9,1/13/2025,068,44098
BK 8436/1,K2501021,044098003,11.5,1/13/2025,068,44098
BK 8436/1,K2501021,044098004,11.4,1/13/2025,068,44098
BK 8436/1,K2501021,044098005,11.3,1/13/2025,068,44098
BK 8436/1,K2501021,044098006,12.3,1/13/2025,068,44098
BK 8436/1,K2501021,044098007,12.0,1/13/2025,068,44098
BK 8436/1,K2501021,044098008,12.1,1/13/2025,068,44098
BK 8436/1,K2501021,044098009,10.9,1/14/2025,068,44098
2027-2.9/MVS1,K2501047,044140001,58.9,1/20/2025,028,44140
CF5321/F1925,K2502067,044333009,24.0,2/21/2025,017,44333
BK 8436/1,K2502073,044346001,10.8,2/24/2025,068,44346
BK 8436/1,K2502073,044346002,11.4,2/24/2025,068,44346
BK 8436/1,K2502073,044346003,11.4,2/24/2025,068,44346
BK 8436/1,K2502073,044346004,11.4,2/24/2025,068,44346
BK 8436/1,K2502073,044346005,11.3,2/24/2025,068,44346
BK 8436/1,K2502073,044346006,11.4,2/24/2025,068,44346
BK 8436/1,K2502073,044346007,11.4,2/24/2025,068,44346
BK 8436/1,K2502073,044346008,11.4,2/24/2025,068,44346
BK 8436/1,K2502073,044346009,11.4,2/24/2025,068,44346
BK 8436/1,K2502073,044346010,11.5,2/25/2025,068,44346
BK 8436/1,K2502073,044346011,11.4,2/25/2025,068,44346
910001/ST2,K2502016,044363185,39.5,5/12/2025,117,44363
910001/ST2,K2502016,044363186,39.2,5/13/2025,117,44363
910001/ST2,K2502016,044363187,40.5,5/13/2025,117,44363
BK 8436/1,K2502099,044402001,11.1,2/28/2025,068,44402
BK 8436/1,K2502099,044402002,11.5,2/28/2025,068,44402
BK 8436/1,K2502099,044402003,11.4,3/3/2025,068,44402
BK 8436/1,K2502099,044402004,11.5,3/3/2025,068,44402
BK 8436/1,K2502099,044402005,11.5,3/3/2025,068,44402
BK 8436/1,K2502099,044402006,11.4,3/3/2025,068,44402
BK 8436/1,K2502099,044402007,11.4,3/3/2025,068,44402
BK 8436/1,K2502099,044402008,11.4,3/3/2025,068,44402
BK 8436/1,K2502099,044402009,11.4,3/3/2025,068,44402
BK 8436/1,K2502099,044402010,11.3,3/3/2025,068,44402
BK 8436/1,K2502099,044402011,11.4,3/3/2025,068,44402
BK 8436/1,K2502099,044402012,11.4,3/3/2025,068,44402
BK 8436/1,K2502099,044402013,11.4,3/3/2025,068,44402
BK 8436/1,K2502099,044402014,11.4,3/3/2025,068,44402
BK 8436/1,K2502099,044402015,11.4,3/4/2025,068,44402
BK 8436/1,K2502099,044402016,11.4,3/4/2025,068,44402
BK 8436/1,K2502099,044402017,11.4,3/4/2025,068,44402
BK 8436/1,K2502099,044402018,11.4,3/4/2025,068,44402
BK 8436/1,K2502099,044402019,11.4,3/4/2025,068,44402
BK 8436/1,K2502099,044402020,11.4,3/4/2025,068,44402
BK 8436/1,K2502099,044402021,11.5,3/5/2025,068,44402
BK 8436/1,K2502099,044402022,11.4,3/4/2025,068,44402
BK 8436/1,K2502099,044402023,11.5,3/5/2025,068,44402
BK 8436/1,K2502099,044402024,11.5,3/5/2025,068,44402
BK 8436/1,K2502099,044402025,11.5,3/5/2025,068,44402
BK 8436/1,K2502099,044402026,11.4,3/5/2025,068,44402
BK 8436/1,K2502099,044402027,16.7,3/5/2025,068,44402
JC24/4,K2503079,144546036,55.5,7/9/2025,148,44546
JC24/4,K2503079,044546049,12.0,7/11/2025,148,44546
JC24/4,K2503079,044546083,51.0,7/22/2025,148,44546
JC24/4,K2503079,044546084,47.9,7/22/2025,148,44546
JC24/4,K2503079,044546085,48.6,7/22/2025,148,44546
JC24/4,K2503079,044546086,53.5,7/22/2025,148,44546
JC24/4,K2503079,044546087,51.1,7/22/2025,148,44546
JC24/4,K2503079,044546088,51.1,7/22/2025,148,44546
JC24/4,K2503079,044546089,51.1,7/22/2025,148,44546
JC24/4,K2503079,044546090,51.2,7/23/2025,148,44546
JC24/4,K2503079,044546091,51.2,7/23/2025,148,44546
JC24/4,K2503079,044546092,50.9,7/23/2025,148,44546
JC24/4,K2503079,044546093,50.9,7/23/2025,148,44546
JC24/4,K2503079,044546094,51.0,7/23/2025,148,44546
JC24/4,K2503079,144546095,47.8,7/23/2025,148,44546
JC24/4,K2503079,044546096,51.0,7/24/2025,148,44546
JC24/4,K2503079,044546097,51.0,7/24/2025,148,44546
JC24/4,K2503079,044546098,51.0,7/24/2025,148,44546
JC24/4,K2503079,044546099,51.1,7/24/2025,148,44546
JC24/4,K2503079,044546100,50.2,7/24/2025,148,44546
JC24/4,K2503079,044546101,51.0,7/24/2025,148,44546
JC24/4,K2503079,044546102,51.2,7/24/2025,148,44546
JC24/4,K2503079,044546103,51.0,7/25/2025,148,44546
JC24/4,K2503079,044546104,51.2,7/25/2025,148,44546
JC24/4,K2503079,044546105,50.9,7/25/2025,148,44546
JC24/4,K2503079,044546106,50.6,7/25/2025,148,44546
CF5491/0,K2504021,144653002,27.0,4/22/2025,034,44653
CF5491/0,K2504021,044653003,28.1,4/22/2025,034,44653
CF5491/0,K2504021,044653004,35.6,4/22/2025,034,44653
CF5493/0,K2504024,144657001,30.8,4/22/2025,044,44657
CF5493/0,K2504024,144657003,29.4,4/23/2025,044,44657
CF5493/0,K2504024,044657004,30.5,4/22/2025,044,44657
CK309T-14L/0,K2504033,044664001,49.9,4/11/2025,525,44664
CK309T-14L/0,K2504033,044664002,50.4,4/14/2025,525,44664
CK309T-14L/0,K2504033,044664003,51.1,4/14/2025,525,44664
CK309T-14L/0,K2504033,044664004,50.6,4/14/2025,525,44664
1874/B,K2503064,144677002,49.4,7/1/2025,111,44677
CK309T-16/0,K2504038,044688001,24.6,4/28/2025,525,44688
CK309T-16/0,K2504038,044688002,24.0,5/1/2025,525,44688
JC24/4,K2504039,044692033,50.0,7/22/2025,150,44692
JC24/4,K2504039,044692034,49.9,7/22/2025,150,44692
JC24/4,K2504039,044692035,49.5,7/22/2025,150,44692
JC24/4,K2504039,144692036,50.9,7/22/2025,150,44692
JC24/4,K2504039,044692037,49.9,7/22/2025,150,44692
JC24/4,K2504039,144692038,45.7,7/22/2025,150,44692
JC24/4,K2504039,044692039,50.0,7/22/2025,150,44692
JC24/4,K2504039,044692040,49.7,7/23/2025,150,44692
JC24/4,K2504039,044692041,49.7,7/23/2025,150,44692
JC24/4,K2504039,044692042,49.6,7/23/2025,150,44692
JC24/4,K2504039,044692043,49.7,7/23/2025,150,44692
JC24/4,K2504039,044692044,49.9,7/23/2025,150,44692
JC24/4,K2504039,044692045,49.7,7/24/2025,150,44692
JC24/4,K2504039,044692046,49.8,7/24/2025,150,44692
JC24/4,K2504039,044692047,49.8,7/24/2025,150,44692
JC24/4,K2504039,044692048,49.8,7/24/2025,150,44692
JC24/4,K2504039,044692049,49.8,7/24/2025,150,44692
JC24/4,K2504039,044692050,49.9,7/24/2025,150,44692
JC24/4,K2504039,044692051,49.9,7/25/2025,150,44692
JC24/4,K2504039,044692052,49.8,7/25/2025,150,44692
JC24/4,K2504039,044692053,49.9,7/25/2025,150,44692
JC24/4,K2504039,044692054,49.9,7/25/2025,150,44692
CEE4690A/1,K2504043,044705002,50.0,4/24/2025,201,44705
910001/ST2,K2502016,044783001,40.0,5/14/2025,117,44783
910001/ST2,K2502016,044783002,40.0,5/14/2025,117,44783
910001/ST2,K2502016,044783003,39.7,5/14/2025,117,44783
910001/ST2,K2502016,044783004,39.8,5/15/2025,117,44783
910001/ST2,K2502016,044783005,39.9,5/15/2025,117,44783
910001/ST2,K2502016,044783006,40.5,5/15/2025,117,44783
910001/ST2,K2502016,044783007,40.3,5/16/2025,117,44783
910001/ST2,K2502016,044783008,40.9,5/19/2025,117,44783
910001/ST2,K2502016,044783009,40.2,5/19/2025,117,44783
910001/ST2,K2502016,044783010,40.3,5/19/2025,117,44783
910001/ST2,K2502016,044783011,39.4,5/19/2025,117,44783
910001/ST2,K2502016,044783012,39.3,5/19/2025,117,44783
910001/ST2,K2502016,044783013,39.9,5/20/2025,117,44783
910001/ST2,K2502016,044783014,39.9,5/20/2025,117,44783
910001/ST2,K2502016,044783015,40.3,5/20/2025,117,44783
910001/ST2,K2502016,044783016,39.9,5/20/2025,117,44783
910001/ST2,K2502016,044783017,39.6,5/20/2025,117,44783
910001/ST2,K2502016,144783018,35.8,5/21/2025,117,44783
910001/ST2,K2502016,044783019,39.8,5/21/2025,117,44783
910001/ST2,K2502016,044783020,40.2,5/21/2025,117,44783
910001/ST2,K2502016,044783021,39.5,5/21/2025,117,44783
910001/ST2,K2502016,044783022,39.9,5/21/2025,117,44783
910001/ST2,K2502016,044783023,39.9,5/22/2025,117,44783
910001/ST2,K2502016,044783024,39.9,5/22/2025,117,44783
910001/ST2,K2502016,044783025,41.5,5/22/2025,117,44783
910001/ST2,K2502016,044783026,40.4,5/22/2025,117,44783
910001/ST2,K2502016,044783027,39.8,5/22/2025,117,44783
910001/ST2,K2502016,044783028,39.8,5/23/2025,117,44783
910001/ST2,K2502016,044783029,39.8,5/23/2025,117,44783
910001/ST2,K2502016,044783030,40.0,5/23/2025,117,44783
910001/ST2,K2502016,044783031,40.2,5/23/2025,117,44783
910001/ST2,K2502016,044783032,39.8,5/23/2025,117,44783
180001/20ST2,K2502021,044784146,45.0,6/6/2025,124,44784
180001/20ST2,K2502021,044784147,40.2,6/9/2025,124,44784
180001/20ST2,K2502021,044784152,40.0,6/10/2025,124,44784
180001/20ST2,K2502021,044784153,40.0,6/10/2025,124,44784
180001/20ST2,K2502021,044784154,40.0,6/10/2025,124,44784
180001/20ST2,K2502021,044784155,40.1,6/11/2025,124,44784
180001/20ST2,K2502021,044784156,39.6,6/11/2025,124,44784
180001/20ST2,K2502021,044784157,40.3,6/11/2025,124,44784
180001/20ST2,K2502021,044784158,40.3,6/11/2025,124,44784
180001/20ST2,K2502021,044784159,39.7,6/11/2025,124,44784
180001/20ST2,K2502021,044784160,39.5,6/11/2025,124,44784
180001/20ST2,K2502021,044784161,39.9,6/11/2025,124,44784
180001/20ST2,K2502021,044784162,39.5,6/12/2025,124,44784
180001/20ST2,K2502021,044784163,39.9,6/12/2025,124,44784
180001/20ST2,K2502021,044784164,39.5,6/12/2025,124,44784
180001/20ST2,K2502021,044784165,39.9,6/12/2025,124,44784
180001/20ST2,K2502021,044784166,40.3,6/12/2025,124,44784
180001/20ST2,K2502021,044784167,40.0,6/13/2025,124,44784
180001/20ST2,K2502021,044784168,40.1,6/13/2025,124,44784
180001/20ST2,K2502021,044784169,40.0,6/13/2025,124,44784
180001/20ST2,K2502021,044784170,40.6,6/13/2025,124,44784
180001/20ST2,K2502021,044784171,40.2,6/13/2025,124,44784
180001/20ST2,K2502021,044784172,40.1,6/13/2025,124,44784
180001/20ST2,K2502021,044784173,40.2,6/16/2025,124,44784
180001/20ST2,K2502021,044784174,40.4,6/16/2025,124,44784
180001/20ST2,K2502021,044784175,40.4,6/16/2025,124,44784
180001/20ST2,K2502021,044784176,40.0,6/16/2025,124,44784
180001/20ST2,K2502021,044784177,40.4,6/16/2025,124,44784
180001/20ST2,K2502021,044784178,40.3,6/16/2025,124,44784
180001/20ST2,K2502021,044784179,40.3,6/17/2025,124,44784
180001/20ST2,K2502021,044784180,40.1,6/17/2025,124,44784
180001/20ST2,K2502021,044784181,40.3,6/17/2025,124,44784
180001/20ST2,K2502021,044784182,40.3,6/17/2025,124,44784
180001/20ST2,K2502021,044784183,42.3,6/17/2025,124,44784
180001/20ST2,K2502021,044784184,40.0,6/17/2025,124,44784
180001/20ST2,K2502021,044784185,40.7,6/17/2025,124,44784
180001/20ST2,K2502021,044784186,39.8,6/18/2025,124,44784
180001/20ST2,K2502021,044784187,40.3,6/18/2025,124,44784
180001/20ST2,K2502021,044784188,39.9,6/18/2025,124,44784
180001/20ST2,K2502021,044784189,40.2,6/18/2025,124,44784
180001/20ST2,K2502021,044784190,41.4,6/18/2025,124,44784
180001/20ST2,K2502021,044784191,40.0,6/18/2025,124,44784
180001/20ST2,K2502021,044784192,55.9,6/19/2025,124,44784
180001/20ST2,K2502021,044784193,39.8,6/19/2025,124,44784
180001/20ST2,K2502021,044784194,39.7,6/19/2025,124,44784
180001/20ST2,K2502021,044784195,39.2,6/19/2025,124,44784
180001/20ST2,K2502021,044784196,42.5,6/19/2025,124,44784
180001/20ST2,K2502021,044784197,42.9,6/19/2025,124,44784
180001/20ST2,K2502021,044784198,39.7,6/19/2025,124,44784
180001/20ST2,K2502021,044784199,39.8,6/20/2025,124,44784
180001/20ST2,K2502021,044784200,39.2,6/20/2025,124,44784
180001/20ST2,K2502021,044784201,40.2,6/20/2025,124,44784
180001/20ST2,K2502021,044784203,42.9,6/20/2025,124,44784
180001/20ST2,K2502021,044784204,43.4,6/21/2025,124,44784
180001/20ST2,K2502021,044784205,39.7,6/21/2025,124,44784
180001/20ST2,K2502021,044784206,39.5,6/21/2025,124,44784
180001/20ST2,K2502021,044784207,40.0,6/21/2025,124,44784
180001/20ST2,K2502021,044784208,41.6,6/21/2025,124,44784
180001/20ST2,K2502021,044784209,42.7,6/21/2025,124,44784
180001/20ST2,K2502021,044784210,39.7,6/21/2025,124,44784
180001/20ST2,K2502021,044784211,40.0,6/21/2025,124,44784
180001/20ST2,K2502021,044784212,39.6,6/23/2025,124,44784
180001/20ST2,K2502021,044784213,39.8,6/24/2025,124,44784
180001/20ST2,K2502021,044784214,45.5,6/24/2025,124,44784
180001/20ST2,K2502021,044784215,39.7,6/24/2025,124,44784
180001/20ST2,K2502021,044784216,39.7,6/25/2025,124,44784
JB38/2,K2505016,044796097,49.1,5/30/2025,078,44796
JB38/2,K2505016,044796098,42.0,6/4/2025,078,44796
CF5321/M2125,K2505049,044857001,41.4,5/22/2025,017,44857
CF5321/M2125,K2505049,144857002,34.1,5/22/2025,017,44857
CF5321/M2125,K2505049,044857003,28.7,5/22/2025,017,44857
CF5321/M2125,K2505049,044857004,29.6,5/22/2025,017,44857
CF5321/M2125,K2505049,044857005,41.2,5/22/2025,017,44857
CF5321/M2125,K2505049,044857006,13.5,5/23/2025,017,44857
CF5321/M2125,K2505049,044857007,41.8,5/23/2025,017,44857
CF5321/M2125,K2505049,044857008,13.5,5/23/2025,017,44857
CF5321/LYC,K2505060,044866001,39.8,5/22/2025,017,44866
CF5321/LYC,K2505060,044866002,39.8,5/21/2025,017,44866
1418/PC,K2505064,044883029,50.4,6/17/2025,019,44883
1418/PC,K2505064,044883030,50.4,6/18/2025,019,44883
1418/PC,K2505064,044883031,50.5,6/18/2025,019,44883
1418/PC,K2505064,044883032,50.4,6/18/2025,019,44883
1418/PC,K2505064,044883033,50.2,6/18/2025,019,44883
1418/PC,K2505064,044883034,50.0,6/18/2025,019,44883
1418/PC,K2505064,044883035,49.1,6/18/2025,019,44883
1418/PC,K2505064,044883036,49.6,6/18/2025,019,44883
1418/PC,K2505064,044883045,49.5,6/19/2025,019,44883
1418/PC,K2505064,044883046,50.0,6/19/2025,019,44883
1418/PC,K2505064,044883047,49.7,6/19/2025,019,44883
1418/PC,K2505064,044883048,49.6,6/19/2025,019,44883
1418/PC,K2505064,044883049,50.0,6/17/2025,019,44883
1418/PC,K2505064,144883050,50.1,6/20/2025,019,44883
1418/PC,K2505064,044883051,50.1,6/20/2025,019,44883
1418/PC,K2505064,044883052,50.3,6/20/2025,019,44883
1418/PC,K2505064,044883053,50.4,6/20/2025,019,44883
1418/PC,K2505064,044883054,50.3,6/20/2025,019,44883
1418/PC,K2505064,044883055,50.8,6/20/2025,019,44883
1418/PC,K2505064,044883056,50.7,6/20/2025,019,44883
1418/PC,K2505064,044883057,50.3,6/20/2025,019,44883
1418/PC,K2505064,044883058,50.3,6/20/2025,019,44883
1418/PC,K2505064,144883059,52.5,6/20/2025,019,44883
1418/PC,K2505064,044883060,50.0,6/20/2025,019,44883
1418/PC,K2505064,044883061,50.3,6/21/2025,019,44883
1418/PC,K2505064,044883062,50.3,6/21/2025,019,44883
1418/PC,K2505064,044883063,50.2,6/21/2025,019,44883
1418/PC,K2505064,044883064,49.5,6/21/2025,019,44883
1418/PC,K2505064,044883065,49.4,6/21/2025,019,44883
1418/PC,K2505064,044883066,46.0,6/21/2025,019,44883
1418/PC,K2505064,044883067,46.5,6/21/2025,019,44883
1418/PC,K2505064,044883068,50.1,6/21/2025,019,44883
1418/PC,K2505064,044883069,50.2,6/23/2025,019,44883
1418/PC,K2505064,044883070,48.3,6/23/2025,019,44883
1418/PC,K2505064,044883071,50.0,6/23/2025,019,44883
1418/PC,K2505064,044883072,50.3,6/23/2025,019,44883
1418/PC,K2505064,044883073,50.2,6/23/2025,019,44883
1418/PC,K2505064,044883074,49.9,6/23/2025,019,44883
1418/PC,K2505064,044883075,49.6,6/23/2025,019,44883
1418/PC,K2505064,044883076,50.4,6/23/2025,019,44883
1418/PC,K2505064,044883077,50.2,6/24/2025,019,44883
1418/PC,K2505064,044883078,50.2,6/24/2025,019,44883
1418/PC,K2505064,044883079,50.2,6/24/2025,019,44883
1418/PC,K2505064,044883080,49.6,6/24/2025,019,44883
1418/PC,K2505064,044883081,50.0,6/24/2025,019,44883
1418/PC,K2505064,044883082,50.0,6/24/2025,019,44883
1418/PC,K2505064,044883083,50.0,6/24/2025,019,44883
1418/PC,K2505064,044883084,49.9,6/24/2025,019,44883
1853/L,K2505078,044892055,53.8,6/17/2025,102,44892
1853/L,K2505078,044892056,55.7,6/17/2025,102,44892
1853/L,K2505078,044892057,51.0,6/18/2025,102,44892
1853/L,K2505078,044892058,50.9,6/18/2025,102,44892
1853/L,K2505078,044892059,50.7,6/18/2025,102,44892
1853/L,K2505078,044892060,50.9,6/19/2025,102,44892
1853/L,K2505079,044897061,48.7,6/19/2025,132,44897
1853/L,K2505079,044897062,49.6,6/20/2025,132,44897
1853/L,K2505079,044897063,33.1,6/20/2025,132,44897
1853/L,K2505079,044897064,50.0,6/20/2025,132,44897
1853/L,K2505079,044897065,49.6,6/20/2025,132,44897
1853/L,K2505079,044897066,49.6,6/20/2025,132,44897
1853/L,K2505079,044897067,49.1,6/20/2025,132,44897
1853/L,K2505079,044897068,48.8,6/22/2025,132,44897
1853/L,K2505079,044897069,49.7,6/23/2025,132,44897
1853/L,K2505079,044897070,49.4,6/23/2025,132,44897
1853/L,K2505079,044897071,49.3,6/23/2025,132,44897
1853/L,K2505079,044897072,49.3,6/24/2025,132,44897
1853/L,K2505079,044897073,50.0,6/25/2025,132,44897
1853/L,K2505079,044897074,50.0,6/24/2025,132,44897
1853/L,K2505079,044897075,50.0,6/25/2025,132,44897
1853/L,K2505079,044897076,50.0,6/25/2025,132,44897
1853/L,K2505079,044897077,50.0,6/26/2025,132,44897
1853/L,K2505079,044897078,50.0,6/26/2025,132,44897
1853/L,K2505079,044897079,50.0,7/3/2025,132,44897
1853/L,K2505079,144897080,50.0,7/3/2025,132,44897
1853/L,K2505079,144897081,50.0,7/3/2025,132,44897
1853/L,K2505079,044897082,50.4,6/28/2025,132,44897
1853/L,K2505079,044897083,50.3,6/28/2025,132,44897
1853/L,K2505079,044897084,50.4,6/28/2025,132,44897
1853/L,K2505079,044897085,50.0,7/10/2025,132,44897
1853/L,K2505079,044897086,50.0,7/10/2025,132,44897
1853/L,K2505079,044897087,50.0,7/10/2025,132,44897
1853/L,K2505079,044897088,50.0,7/11/2025,132,44897
1853/L,K2505079,044897089,50.0,7/11/2025,132,44897
1853/L,K2505079,044897090,50.0,7/11/2025,132,44897
CF5504/0,K2505087,044907001,51.4,6/3/2025,058,44907
CF5504/0,K2505087,044907002,60.4,6/3/2025,058,44907
CF5504/0,K2505087,044907006,56.9,7/25/2025,058,44907
CF5504/0,K2505087,044907007,53.9,7/25/2025,058,44907
CF5504/0,K2505087,044907008,54.5,7/25/2025,058,44907
CF5505/0,K2505088,044908001,33.7,6/11/2025,065,44908
CF5505/0,K2505088,144908002,28.2,6/12/2025,065,44908
DFF505J/0,K2506022,044956001,51.4,6/25/2025,059,44956
DFF505J/0,K2506022,044956002,52.1,6/25/2025,059,44956
DFF505J/0,K2506022,044956003,52.1,6/26/2025,059,44956
DFF505J/0,K2506022,044956004,51.2,6/26/2025,059,44956
DFF505J/0,K2506022,044956005,50.3,6/26/2025,059,44956
DFF505J/0,K2506022,044956008,52.3,6/27/2025,059,44956
DFF505J/0,K2506022,044956009,52.4,6/27/2025,059,44956
DFF505J/0,K2506022,044956010,55.1,6/28/2025,059,44956
DFF505J/0,K2506022,044956011,48.4,6/28/2025,059,44956
DFF505J/0,K2506022,044956013,52.6,6/28/2025,059,44956
DFF505J/0,K2506022,044956026,53.0,7/3/2025,059,44956
DFF505J/0,K2506022,044956029,48.5,7/7/2025,059,44956
DFF505J/0,K2506022,044956030,48.4,7/7/2025,059,44956
DFF505J/0,K2506022,044956031,48.7,7/8/2025,059,44956
DFF505J/0,K2506022,044956032,49.1,7/9/2025,059,44956
DFF505J/0,K2506022,044956033,49.0,7/9/2025,059,44956
DFF505J/0,K2506022,044956034,48.7,7/9/2025,059,44956
DFF505J/0,K2506022,044956035,48.6,7/10/2025,059,44956
DFF505J/0,K2506022,044956036,48.0,7/10/2025,059,44956
DFF505J/0,K2506022,044956037,47.9,7/10/2025,059,44956
DFF505J/0,K2506022,044956038,48.8,7/10/2025,059,44956
DFF505J/0,K2506022,044956039,48.3,7/11/2025,059,44956
DFF505J/0,K2506022,044956040,48.4,7/11/2025,059,44956
DFF505J/0,K2506022,044956041,48.3,7/11/2025,059,44956
DFF505J/0,K2506022,144956042,48.6,7/14/2025,059,44956
DFF505J/0,K2506022,044956043,48.9,7/12/2025,059,44956
DFF505J/0,K2506022,044956044,48.9,7/12/2025,059,44956
DFF505J/0,K2506022,044956045,47.3,7/14/2025,059,44956
DFF505J/0,K2506022,044956046,47.6,7/14/2025,059,44956
DFF505J/0,K2506022,044956047,48.2,7/14/2025,059,44956
DFF505J/0,K2506022,044956048,48.0,7/15/2025,059,44956
DFF505J/0,K2506022,044956049,48.7,7/15/2025,059,44956
DFF505J/0,K2506022,044956050,48.9,7/15/2025,059,44956
DFF505J/0,K2506022,044956051,49.6,7/15/2025,059,44956
DFF505J/0,K2506022,044956052,52.0,7/16/2025,059,44956
DFF505J/0,K2506022,044956053,47.3,7/16/2025,059,44956
DFF505J/0,K2506022,044956054,47.6,7/16/2025,059,44956
DFF505J/0,K2506022,044956055,47.5,7/16/2025,059,44956
DFF505J/0,K2506022,044956056,48.3,7/17/2025,059,44956
DFF505J/0,K2506022,044956057,48.4,7/17/2025,059,44956
DFF505J/0,K2506022,044956058,48.3,7/17/2025,059,44956
DFF505J/0,K2506022,044956059,49.1,7/17/2025,059,44956
DFF505J/0,K2506022,044956060,48.1,7/18/2025,059,44956
DFF505J/0,K2506022,144956062,31.6,7/18/2025,059,44956
DFF505J/0,K2506022,144956063,38.1,7/18/2025,059,44956
DFF505J/0,K2506022,044956861,47.2,7/18/2025,059,44956
DFF505R/L,K2506023,144957002,51.9,7/2/2025,065,44957
DFF505R/L,K2506023,144957003,52.1,7/2/2025,065,44957
DFF505R/L,K2506023,144957004,48.4,7/3/2025,065,44957
CK309T14L/P,K2506032,044964001,46.2,6/16/2025,525,44964
CK309T14L/P,K2506032,044964002,54.2,6/17/2025,525,44964
CK309T14L/P,K2506032,044964003,52.4,6/17/2025,525,44964
CK309T14L/P,K2506032,044964004,54.3,6/17/2025,525,44964
CK309T14L/P,K2506032,044964005,54.3,6/18/2025,525,44964
CK309T14L/P,K2506032,144964006,39.2,6/18/2025,525,44964
CK309T14L/P,K2506032,044964007,52.5,6/18/2025,525,44964
CK309T14L/P,K2506032,044964008,54.2,6/18/2025,525,44964
CK309T14L/P,K2506032,044964009,54.1,6/18/2025,525,44964
CK309T14L/P,K2506032,044964010,54.3,6/18/2025,525,44964
CK309T14L/P,K2506032,044964011,54.7,6/18/2025,525,44964
CK309T14L/P,K2506032,044964012,54.7,6/18/2025,525,44964
CK309T14L/P,K2506032,044964013,54.5,6/18/2025,525,44964
CK309T14L/P,K2506032,044964014,54.3,6/18/2025,525,44964
CK309T14L/P,K2506032,044964015,54.4,6/18/2025,525,44964
C4T4131/TT1L,K2506025,044972044,234.0,7/18/2025,190,44972
C4T4131/TT1L,K2506025,044972045,234.0,7/19/2025,190,44972
C4T4131/TT1L,K2506025,044972046,235.0,7/19/2025,190,44972
C4T4131/TT1L,K2506025,044972047,235.0,7/21/2025,190,44972
C4T4131/TT1L,K2506025,044972048,236.0,7/21/2025,190,44972
CF5105/0,K2506051,144990070,46.0,6/27/2025,077,44990
CF5105/0,K2506051,144990071,48.1,6/28/2025,077,44990
CF5105/0,K2506051,044990072,54.2,6/28/2025,077,44990
CF5105/0,K2506051,044990077,50.1,6/30/2025,077,44990
CF5105/0,K2506051,044990078,49.7,6/30/2025,077,44990
CF5105/0,K2506051,044990079,49.9,7/1/2025,077,44990
CF5105/0,K2506051,044990081,49.7,7/1/2025,077,44990
CF5105/0,K2506051,044990083,50.1,7/1/2025,077,44990
CF5105/0,K2506051,844990085,4.3,7/2/2025,077,44990
CF5105/0,K2506051,044990087,50.7,7/2/2025,077,44990
CF5105/0,K2506051,044990088,50.1,7/2/2025,077,44990
CF5105/0,K2506051,044990090,49.8,7/2/2025,077,44990
CF5105/0,K2506051,044990092,49.9,7/3/2025,077,44990
751SM0780/1,K2506050,044997029,127.0,7/22/2025,088,44997
751SM0780/1,K2506050,044997031,128.0,7/24/2025,088,44997
751SM0780/1,K2506050,044997032,126.9,7/24/2025,088,44997
GG6020-GR/0,K2506056,045005030,38.8,7/23/2025,065,45005
GG6020-GR/0,K2506056,045005032,40.1,7/23/2025,065,45005
GG6020-GR/0,K2506056,045005033,40.2,7/23/2025,065,45005
GG6020-GR/0,K2506056,045005034,41.3,7/23/2025,065,45005
GG6020-GR/0,K2506056,145005035,39.8,7/23/2025,065,45005
GG6020-GR/0,K2506056,045005036,37.8,7/23/2025,065,45005
GG6020-GR/0,K2506056,045005037,40.7,7/24/2025,065,45005
GG6020-GR/0,K2506056,145005038,20.0,7/24/2025,065,45005
GG6020-GR/0,K2506056,045005039,40.8,7/24/2025,065,45005
GG6020-GR/0,K2506056,045005040,39.3,7/24/2025,065,45005
GG6020-GR/0,K2506056,045005041,42.0,7/24/2025,065,45005
GG6020-GR/0,K2506056,045005042,40.6,7/24/2025,065,45005
GG6020-GR/0,K2506056,145005043,19.5,7/24/2025,065,45005
GG6020-GR/0,K2506056,045005044,38.2,7/25/2025,065,45005
GG6020-GR/0,K2506056,045005045,40.6,7/25/2025,065,45005
GG6020-GR/0,K2506056,045005046,40.8,7/25/2025,065,45005
GG6020-GR/0,K2506056,045005047,41.3,7/25/2025,065,45005
GG6020-GR/0,K2506056,045005048,40.6,7/25/2025,065,45005
GG6020-GR/0,K2506056,045005049,40.6,7/25/2025,065,45005
1874/0,K2505012,145011016,52.2,7/1/2025,111,45011
1874/0,K2505012,045011018,50.8,7/2/2025,111,45011
1874/0,K2505012,045011019,46.4,7/3/2025,111,45011
1874/0,K2505012,045011020,50.1,7/7/2025,111,45011
1874/0,K2505012,045011021,50.7,7/7/2025,111,45011
1874/0,K2505012,145011022,44.4,7/8/2025,111,45011
1874/0,K2505012,045011023,50.5,7/8/2025,111,45011
1874/0,K2505012,145011024,52.7,7/10/2025,111,45011
1874/0,K2505012,145011025,45.0,7/10/2025,111,45011
1874/0,K2505012,145011026,48.4,7/10/2025,111,45011
1874/0,K2505012,045011027,55.3,7/11/2025,111,45011
1874/0,K2505012,145011028,44.3,7/15/2025,111,45011
1874/0,K2505012,045011029,50.8,7/17/2025,111,45011
1874/0,K2505012,045011030,59.1,7/23/2025,111,45011
1874/0,K2505012,145011031,42.3,7/24/2025,111,45011
CK3813K14L/P,K2506061,045014001,50.0,6/17/2025,551,45014
CK3813K14L/P,K2506061,045014002,50.4,6/18/2025,551,45014
CK3813K14L/P,K2506061,045014003,50.3,6/18/2025,551,45014
CK3813K14L/P,K2506061,045014004,50.3,6/18/2025,551,45014
CK3813K14L/P,K2506061,045014005,50.2,6/18/2025,551,45014
CK3813K14L/P,K2506061,045014006,50.2,6/18/2025,551,45014
CK3813K14L/P,K2506061,045014007,50.2,6/18/2025,551,45014
CK3813K14L/P,K2506061,045014008,50.2,6/18/2025,551,45014
CK3813K14L/P,K2506061,045014009,50.5,6/18/2025,551,45014
CK3813K14L/P,K2506061,045014010,50.0,6/18/2025,551,45014
CK3813K14L/P,K2506061,045014011,50.5,6/18/2025,551,45014
CK3813K14L/P,K2506061,045014012,50.5,6/18/2025,551,45014
CK3813K14L/P,K2506061,045014013,50.7,6/18/2025,551,45014
CK3813K14L/P,K2506061,045014014,50.4,6/18/2025,551,45014
CK3813K14L/P,K2506061,045014015,50.2,6/18/2025,551,45014
CK3013Q14L/P,K2506062,045015001,50.0,6/17/2025,538,45015
CK3013Q14L/P,K2506062,045015002,50.2,6/18/2025,538,45015
CK3013Q14L/P,K2506062,045015003,51.1,6/19/2025,538,45015
CK3013Q14L/P,K2506062,045015004,50.9,6/19/2025,538,45015
CK3013Q14L/P,K2506062,045015005,50.7,6/20/2025,538,45015
CK3013Q14L/P,K2506062,045015006,50.6,6/20/2025,538,45015
CK3013Q14L/P,K2506062,045015007,51.1,6/24/2025,538,45015
CK3013Q14L/P,K2506062,045015008,50.1,6/24/2025,538,45015
CK3013Q14L/P,K2506062,045015009,51.0,6/24/2025,538,45015
CK3013Q14L/P,K2506062,045015010,51.0,6/24/2025,538,45015
CK3013Q14L/P,K2506062,045015011,50.9,6/25/2025,538,45015
CK3013Q14L/P,K2506062,045015012,51.1,6/25/2025,538,45015
CK3013Q14L/P,K2506062,045015013,51.0,6/25/2025,538,45015
CK3013Q14L/P,K2506062,045015014,50.9,6/25/2025,538,45015
CK3013Q14L/P,K2506062,045015015,50.5,6/26/2025,538,45015
JC24/5,K2506075,045031031,51.6,7/23/2025,116,45031
JC24/5,K2506075,045031034,48.9,7/23/2025,116,45031
JC24/5,K2506075,045031035,48.5,7/23/2025,116,45031
JC24/5,K2506075,045031036,49.1,7/24/2025,116,45031
JC24/5,K2506075,045031037,49.2,7/24/2025,116,45031
JC24/5,K2506075,045031038,49.9,7/24/2025,116,45031
JC24/5,K2506075,045031039,48.1,7/24/2025,116,45031
JC24/5,K2506075,045031040,50.3,7/24/2025,116,45031
JC24/5,K2506075,045031041,49.0,7/24/2025,116,45031
JC24/5,K2506075,045031042,49.1,7/24/2025,116,45031
JC24/5,K2506075,045031043,49.2,7/25/2025,116,45031
JC24/5,K2506075,045031044,49.0,7/25/2025,116,45031
JC24/5,K2506075,045031045,48.5,7/25/2025,116,45031
71400/582LP,K2506099,045065001,51.1,7/9/2025,065,45065
71400/582LP,K2506099,045065002,51.5,7/10/2025,065,45065
71400/582LP,K2506099,145065003,47.5,7/11/2025,065,45065
71400/582LP,K2506099,045065004,51.3,7/11/2025,065,45065
71400/582LP,K2506099,045065005,50.6,7/11/2025,065,45065
71400/582LP,K2506099,145065006,49.6,7/14/2025,065,45065
71400/582LP,K2506099,145065007,46.2,7/11/2025,065,45065
71400/582LP,K2506099,145065008,43.8,7/12/2025,065,45065
71400/582LP,K2506099,145065009,49.3,7/12/2025,065,45065
71400/582LP,K2506099,045065010,51.1,7/12/2025,065,45065
71400/582LP,K2506099,045065011,51.0,7/12/2025,065,45065
71400/582LP,K2506099,045065012,51.2,7/12/2025,065,45065
72762/PL,K2506114,045081001,51.8,7/1/2025,032,45081
72762/PL,K2506114,045081002,52.2,7/1/2025,032,45081
72762/PL,K2506114,045081003,46.3,7/1/2025,032,45081
72762/PL,K2506114,145081004,46.4,7/1/2025,032,45081
72762/PL,K2506114,145081005,41.8,7/2/2025,032,45081
72762/PL,K2506114,145081006,52.0,7/7/2025,032,45081
72762/PL,K2506114,145081007,51.7,7/7/2025,032,45081
72762/PL,K2506114,145081008,55.1,7/2/2025,032,45081
72762/PL,K2506114,045081009,51.5,7/2/2025,032,45081
72762/PL,K2506114,045081010,52.1,7/2/2025,032,45081
72762/PL,K2506114,045081011,51.7,7/2/2025,032,45081
72762/PL,K2506114,045081012,52.7,7/2/2025,032,45081
72762/PL,K2506114,045081013,52.7,7/3/2025,032,45081
72762/PL,K2506114,045081014,52.4,7/3/2025,032,45081
72762/PL,K2506114,045081015,52.1,7/3/2025,032,45081
72762/PL,K2506114,045081016,52.8,7/3/2025,032,45081
72762/PL,K2506114,045081017,51.0,7/2/2025,032,45081
72762/PL,K2506114,045081018,52.0,7/3/2025,032,45081
72762/PL,K2506114,045081019,51.2,7/3/2025,032,45081
72762/PL,K2506114,045081020,51.0,7/3/2025,032,45081
72762/PL,K2506114,045081021,52.5,7/3/2025,032,45081
72762/PL,K2506114,045081022,50.7,7/4/2025,032,45081
72762/PL,K2506114,045081023,51.6,7/4/2025,032,45081
72762/PL,K2506114,045081024,51.8,7/4/2025,032,45081
72762/PL,K2506114,045081025,49.4,7/4/2025,032,45081
72762/PL,K2506114,045081026,53.9,7/4/2025,032,45081
72762/PL,K2506114,045081027,51.8,7/7/2025,032,45081
72762/PL,K2506114,045081028,51.8,7/7/2025,032,45081
72762/PL,K2506114,045081029,51.2,7/9/2025,032,45081
72762/PL,K2506114,045081030,51.4,7/7/2025,032,45081
72762/PL,K2506114,045081031,51.8,7/8/2025,032,45081
72762/PL,K2506114,045081032,51.5,7/8/2025,032,45081
72762/PL,K2506114,045081033,49.8,7/8/2025,032,45081
72762/PL,K2506114,045081034,50.9,7/8/2025,032,45081
72762/PL,K2506114,045081035,52.1,7/8/2025,032,45081
72762/PL,K2506114,045081036,51.0,7/9/2025,032,45081
72762/PL,K2506114,045081037,50.9,7/9/2025,032,45081
72762/PL,K2506114,045081038,51.0,7/9/2025,032,45081
72762/PL,K2506114,045081039,51.0,7/9/2025,032,45081
72762/PL,K2506114,045081040,50.6,7/9/2025,032,45081
72762/PL,K2506114,045081041,50.2,7/9/2025,032,45081
72762/PL,K2506114,045081042,50.3,7/9/2025,032,45081
72762/PL,K2506114,045081043,51.1,7/9/2025,032,45081
72762/PL,K2506114,045081044,51.2,7/9/2025,032,45081
72762/PL,K2506114,045081045,50.4,7/10/2025,032,45081
72762/PL,K2506114,045081046,51.1,7/10/2025,032,45081
72762/PL,K2506114,045081047,51.0,7/10/2025,032,45081
72762/PL,K2506114,045081048,51.3,7/10/2025,032,45081
72762/PL,K2506114,145081049,41.8,7/10/2025,032,45081
72762/PL,K2506114,045081050,52.0,7/10/2025,032,45081
72762/PL,K2506114,045081051,50.8,7/10/2025,032,45081
72762/PL,K2506114,045081052,51.1,7/10/2025,032,45081
72762/PL,K2506114,045081053,50.9,7/11/2025,032,45081
72762/PL,K2506114,045081054,50.9,7/11/2025,032,45081
72762/PL,K2506114,045081055,50.3,7/11/2025,032,45081
72762/PL,K2506114,045081056,51.0,7/11/2025,032,45081
72762/PL,K2506114,145081057,44.2,7/11/2025,032,45081
72762/PL,K2506114,045081058,50.6,7/11/2025,032,45081
72762/PL,K2506114,045081059,54.9,7/11/2025,032,45081
72762/PL,K2506114,045081060,51.3,7/11/2025,032,45081
72762/PL,K2506114,045081061,50.3,7/14/2025,032,45081
72762/PL,K2506114,045081062,51.5,7/14/2025,032,45081
72762/PL,K2506114,045081063,51.1,7/14/2025,032,45081
72762/PL,K2506114,045081064,50.1,7/14/2025,032,45081
2027-2.5/MVS1,K2506115,045083001,58.8,7/14/2025,028,45083
2027-2.5/MVS1,K2506115,045083002,58.7,7/14/2025,028,45083
2027-2.5/MVS1,K2506115,145083003,38.8,7/15/2025,028,45083
2027-2.5/MVS1,K2506115,145083004,48.4,7/15/2025,028,45083
2027-2.5/MVS1,K2506115,145083005,48.5,7/15/2025,028,45083
2027-2.5/MVS1,K2506115,145083006,52.2,7/15/2025,028,45083
2027-2.5/MVS1,K2506115,145083007,44.9,7/16/2025,028,45083
2027-2.5/MVS1,K2506115,145083008,56.1,7/16/2025,028,45083
2027-2.5/MVS1,K2506115,145083009,35.5,7/17/2025,028,45083
2027-2.5/MVS1,K2506115,145083010,60.6,7/18/2025,028,45083
2027-2.5/MVS1,K2506115,145083011,44.4,7/21/2025,028,45083
2027-2.5/MVS1,K2506115,045083012,58.2,7/23/2025,028,45083
2027-2.5/MVS1,K2506115,145083013,50.5,7/23/2025,028,45083
2027-2.5/MVS1,K2506115,145083014,30.4,7/24/2025,028,45083
2027-2.5/MVS1,K2506115,045083015,57.3,7/21/2025,028,45083
CT22150/1BA,K2507015,045133051,67.3,7/22/2025,544,45133
CT22150/1BA,K2507015,045133052,67.1,7/22/2025,544,45133
CT22150/1BA,K2507015,045133053,67.0,7/22/2025,544,45133
CT22150/1BA,K2507015,045133054,66.8,7/22/2025,544,45133
CT22150/1BA,K2507015,045133055,65.2,7/23/2025,544,45133
CT22150/1BA,K2507015,045133056,66.7,7/23/2025,544,45133
CT22150/1BA,K2507015,045133057,66.6,7/23/2025,544,45133
CT22150/1BA,K2507015,045133058,67.1,7/23/2025,544,45133
CT22150/1BA,K2507015,045133059,67.1,7/23/2025,544,45133
CT22150/1BA,K2507015,045133060,65.7,7/23/2025,544,45133
CT22150/1BA,K2507015,045133061,65.8,7/23/2025,544,45133
CT22150/1BA,K2507015,045133062,66.4,7/23/2025,544,45133
CT22150/1BA,K2507015,045133063,65.8,7/23/2025,544,45133
CT22150/1BA,K2507015,045133064,64.9,7/23/2025,544,45133
CT22150/1BA,K2507015,045133065,64.9,7/24/2025,544,45133
CT22150/1BA,K2507015,045133066,66.4,7/24/2025,544,45133
CT22150/1BA,K2507015,045133067,65.6,7/24/2025,544,45133
CT22150/1BA,K2507015,045133068,63.0,7/24/2025,544,45133
CT22150/1BA,K2507015,045133069,65.1,7/24/2025,544,45133
CT22150/1BA,K2507015,045133070,66.4,7/24/2025,544,45133
CT22150/1BA,K2507015,045133071,66.5,7/24/2025,544,45133
CT22150/1BA,K2507015,045133072,67.1,7/24/2025,544,45133
CT22150/1BA,K2507015,045133073,65.6,7/24/2025,544,45133
CT22150/1BA,K2507015,045133074,67.0,7/24/2025,544,45133
CT22150/1BA,K2507015,045133075,66.5,7/25/2025,544,45133
CT22150/1BA,K2507015,045133076,66.7,7/25/2025,544,45133
CT22150/1BA,K2507015,045133077,66.4,7/25/2025,544,45133
CT22150/1BA,K2507015,045133078,66.7,7/25/2025,544,45133
CT22150/1BA,K2507015,045133079,64.7,7/25/2025,544,45133
CT22150/1BA,K2507015,045133080,64.8,7/25/2025,544,45133
CT2155/1AT,K2507021,045135028,53.7,7/24/2025,064,45135
CT2155/1AT,K2507021,045135029,54.4,7/25/2025,064,45135
CT2155/1AT,K2507021,045135030,54.1,7/25/2025,064,45135
CT2155/1AT,K2507022,045136028,57.1,7/24/2025,093,45136
CT2155/1AT,K2507023,045137020,52.9,7/25/2025,121,45137
CT2155/1AT,K2507023,045137021,52.8,7/25/2025,121,45137
1853/L,K2507027,045151001,49.3,7/14/2025,132,45151
1853/L,K2507027,145151002,38.5,7/15/2025,132,45151
1853/L,K2507027,045151003,49.5,7/15/2025,132,45151
1853/L,K2507027,045151004,49.3,7/15/2025,132,45151
1853/L,K2507027,045151005,48.9,7/15/2025,132,45151
1853/L,K2507027,045151006,50.0,7/15/2025,132,45151
1853/L,K2507027,045151007,48.7,7/15/2025,132,45151
1853/L,K2507027,045151008,48.5,7/15/2025,132,45151
1853/L,K2507027,045151009,48.6,7/15/2025,132,45151
1853/L,K2507027,145151010,37.1,7/16/2025,132,45151
1853/L,K2507027,045151011,48.9,7/16/2025,132,45151
1853/L,K2507027,045151012,48.6,7/16/2025,132,45151
1853/L,K2507027,145151013,50.0,7/19/2025,132,45151
1853/L,K2507027,045151014,48.0,7/18/2025,132,45151
1853/L,K2507027,045151015,46.0,7/17/2025,132,45151
1853/L,K2507027,045151016,48.7,7/17/2025,132,45151
1853/L,K2507027,045151017,61.3,7/17/2025,132,45151
1853/L,K2507027,045151018,61.1,7/17/2025,132,45151
1853/L,K2507027,045151019,46.2,7/17/2025,132,45151
1853/L,K2507027,045151020,44.4,7/17/2025,132,45151
1853/L,K2507027,045151023,50.0,7/18/2025,132,45151
1853/L,K2507027,045151024,49.2,7/18/2025,132,45151
1853/L,K2507027,045151025,48.7,7/18/2025,132,45151
1853/L,K2507027,045151026,48.9,7/18/2025,132,45151
1853/L,K2507027,045151027,49.1,7/18/2025,132,45151
1853/L,K2507027,045151028,48.7,7/19/2025,132,45151
1853/L,K2507027,045151029,14.8,7/19/2025,132,45151
1853/L,K2507027,045151030,48.2,7/22/2025,132,45151
1853/L,K2507027,145151031,51.0,7/21/2025,132,45151
1853/L,K2507027,045151032,51.0,7/21/2025,132,45151
1853/L,K2507027,045151033,51.0,7/24/2025,132,45151
1853/L,K2507027,045151034,51.0,7/22/2025,132,45151
1853/L,K2507027,045151035,51.0,7/22/2025,132,45151
1853/L,K2507027,045151036,51.0,7/22/2025,132,45151
1853/L,K2507027,045151037,47.7,7/22/2025,132,45151
1853/L,K2507027,045151038,47.8,7/23/2025,132,45151
1853/L,K2507027,045151039,47.6,7/23/2025,132,45151
1853/L,K2507027,045151040,47.0,7/23/2025,132,45151
1853/L,K2507027,045151041,47.3,7/24/2025,132,45151
1853/L,K2507027,045151042,48.7,7/24/2025,132,45151
C1B4571A/1D,K2507026,045153010,286.0,7/19/2025,192,45153
CEE3837/1B,K2506106,045155001,266.0,7/15/2025,135,45155
CEE3837/1B,K2506106,045155002,138.0,7/19/2025,135,45155
CEE3837/1B,K2506106,045155003,244.0,7/21/2025,135,45155
C1B4571A/1N,K2507030,045157009,251.0,7/22/2025,198,45157
C1B4571A/1N,K2507030,045157011,251.0,7/23/2025,198,45157
C1B4571A/1N,K2507030,045157012,251.0,7/23/2025,198,45157
C1B4571A/1N,K2507030,045157013,251.0,7/25/2025,198,45157
C1B4571A/1N,K2507030,045157014,251.0,7/25/2025,198,45157
CT3085/1A,K2507016,045161005,249.0,7/22/2025,195,45161
CT3085/1A,K2507016,045161006,252.0,7/23/2025,195,45161
CT3085/1A,K2507016,045161007,252.0,7/24/2025,195,45161
CT3085/1A,K2507016,045161008,253.0,7/25/2025,195,45161
CEE3050/1CG,K2507017,045165006,242.0,7/22/2025,205,45165
CEE3050/1CG,K2507017,045165007,244.0,7/23/2025,205,45165
2094/CC,K2506021,045167013,58.5,7/21/2025,022,45167
2094/CC,K2506021,045167014,58.5,7/22/2025,022,45167
2094/CC,K2506021,045167015,58.5,7/22/2025,022,45167
2094/CC,K2506021,045167016,58.5,7/22/2025,022,45167
2094/CC,K2506021,045167017,58.5,7/22/2025,022,45167
2094/CC,K2506021,045167018,58.5,7/23/2025,022,45167
CT4776/0,K2507034,045168001,50.7,7/25/2025,539,45168
71246/BB,K2504019,145176005,36.5,7/22/2025,115,45176
71246/BB,K2504019,045176007,51.3,7/23/2025,115,45176
71246/BB,K2504019,045176008,48.1,7/23/2025,115,45176
71246/BB,K2504019,045176009,51.3,7/23/2025,115,45176
71246/BB,K2504019,045176010,49.4,7/23/2025,115,45176
71246/BB,K2504019,045176011,53.0,7/23/2025,115,45176
71246/BB,K2504019,045176013,51.4,7/24/2025,115,45176
71246/BB,K2504019,045176014,51.5,7/24/2025,115,45176
71246/BB,K2504019,045176016,49.3,7/24/2025,115,45176
71246/BB,K2504019,045176017,50.4,7/24/2025,115,45176
71246/BB,K2504019,045176018,51.2,7/24/2025,115,45176
71246/BB,K2504019,045176019,54.6,7/24/2025,115,45176
71246/BB,K2504019,045176020,50.6,7/25/2025,115,45176
71246/BB,K2504019,045176021,50.4,7/25/2025,115,45176
71246/BB,K2504019,045176022,51.3,7/25/2025,115,45176
71246/BB,K2504019,045176024,51.2,7/26/2025,115,45176
71246/BB,K2504019,045176025,51.5,7/26/2025,115,45176
CEE4585A/1B,K2505045,045177006,253.0,7/24/2025,123,45177
C1B3195/1B,K2507035,045179001,259.0,7/23/2025,188,45179
C1B3195/1B,K2507035,045179002,259.0,7/25/2025,188,45179
C1B3799/2A,K2506077,045186009,250.0,7/23/2025,197,45186
C1B3799/2A,K2506077,145186010,67.1,7/24/2025,197,45186
C1B4571A/1N,K2507045,045187001,288.0,7/18/2025,192,45187
C1B4571A/1N,K2507045,045187002,288.0,7/19/2025,192,45187
C1B4571A/1N,K2507046,045188009,250.0,7/23/2025,193,45188
C1B4571A/1N,K2507046,045188010,250.0,7/24/2025,193,45188
C1B4571A/1N,K2507046,045188011,250.0,7/24/2025,193,45188
C1B4014-42/1AT,K2507038,045191001,183.0,7/21/2025,200,45191
C1B4014-42/1AT,K2507038,145191002,239.5,7/23/2025,200,45191
CEE2838/1IN,K2507052,045203001,260.0,7/22/2025,211,45203
CEE2838/1IN,K2507052,045203002,260.0,7/23/2025,211,45203
CEE2838/1IN,K2507052,045203004,260.0,7/23/2025,211,45203
CF5092/1,K2507056,045208001,86.0,7/21/2025,136,45208
CF5092/1,K2507056,045208002,78.0,7/22/2025,136,45208
CF5092/1,K2507056,045208003,78.0,7/22/2025,136,45208
CT4785/1,K2507061,045212001,52.3,7/25/2025,087,45212
CT4648/0,K2507062,045213001,61.9,7/24/2025,077,45213
CT4648/0,K2507062,045213002,45.8,7/24/2025,077,45213
CT4648/0,K2507062,045213003,45.7,7/24/2025,077,45213
CT4648/0,K2507062,045213004,45.6,7/24/2025,077,45213
CT4648/0,K2507062,045213005,45.9,7/24/2025,077,45213
CT4648/0,K2507062,045213006,45.9,7/24/2025,077,45213
CF5398/1,K2507063,045214003,74.3,7/24/2025,083,45214
CF5398/1,K2507063,045214004,75.0,7/24/2025,083,45214
CF5398/1,K2507063,045214005,72.4,7/24/2025,083,45214
CF5398/1,K2507063,145214006,18.7,7/25/2025,083,45214
CF5467/0,K2507074,045218001,54.5,7/24/2025,057,45218
CF5467/0,K2507074,045218002,49.2,7/24/2025,057,45218
CF5467/0,K2507074,045218003,49.9,7/24/2025,057,45218
CF5467/0,K2507074,045218004,50.3,7/24/2025,057,45218
CF5467/0,K2507074,045218005,50.4,7/24/2025,057,45218
CF5467/0,K2507074,045218006,50.8,7/24/2025,057,45218
CF5467/0,K2507074,045218007,50.0,7/25/2025,057,45218
CF5467/0,K2507074,045218008,50.0,7/25/2025,057,45218
CF5467/0,K2507074,045218009,49.2,7/25/2025,057,45218
CF5467/0,K2507074,045218010,49.2,7/25/2025,057,45218
CF5467/0,K2507074,045218011,51.0,7/25/2025,057,45218
3009OW/0,K2507075,045219001,55.1,7/25/2025,120,45219
C1B4313A/3RECD,K2507076,045220001,259.0,7/23/2025,187,45220
C1B4313A/3RECD,K2507076,045220002,251.0,7/24/2025,187,45220
CF5514/0,K2507081,045222001,30.6,7/24/2025,097,45222
CF5514/0,K2507081,045222002,25.4,7/24/2025,097,45222
CF5516/0,K2507082,045223001,35.6,7/25/2025,097,45223
CF5516/0,K2507082,045223002,39.7,7/25/2025,097,45223
CF5515/0,K2507083,045224001,9.9,7/25/2025,531,45224
CF5515/0,K2507083,045224002,9.9,7/25/2025,531,45224
CEE3050/1CU,K2507093,045231001,244.0,7/23/2025,205,45231
CEE3050/1CU,K2507093,045231002,245.0,7/24/2025,205,45231
CEE3050/1CU,K2507093,045231003,244.0,7/25/2025,205,45231
C1B4125A/1B,K2507070,045232001,244.0,7/25/2025,189,45232
