Style,Yarn,Percentage,This Week,Week 31,Week 32,Week 33,Week 34,Week 35,Week 36,Week 37,Week 38,Later,Total
180001/20ST2,18320,13.1,336.9,336.9,336.9,336.9,336.9,336.9,102.1,0.0,0.0,0.0,"2,123.5"
180001/20ST2,18707,57.2,"1,471.0","1,471.0","1,471.0","1,471.0","1,471.0","1,471.0",445.7,0.0,0.0,0.0,"9,271.9"
180001/20ST2,18708,29.7,763.8,763.8,763.8,763.8,763.8,763.8,231.4,0.0,0.0,0.0,"4,814.3"
1853/L,18669,100,0.0,0.0,0.0,0.0,0.0,0.0,0.0,0.0,0.0,"4,078.7","4,078.7"
1874/0,18770,100,0.0,0.0,0.0,0.0,0.0,0.0,0.0,0.0,0.0,"2,562.4","2,562.4"
1874/B,19057,100,"3,704.6",246.0,0.0,0.0,0.0,0.0,0.0,0.0,0.0,0.0,"3,950.6"
1922/LC,19057,100,"3,665.7",334.3,0.0,0.0,0.0,0.0,0.0,0.0,0.0,0.0,"4,000.0"
1SM0470/30G,9863,55.3,0.0,0.0,0.0,0.0,0.0,0.0,0.0,0.0,0.0,"9,522.7","9,522.7"
1SM0470/30G,11896,44.7,0.0,0.0,0.0,0.0,0.0,0.0,0.0,0.0,0.0,"7,697.3","7,697.3"
2027-2.5/MVS,18774,29.67,0.0,0.0,0.0,0.0,0.0,0.0,0.0,0.0,0.0,0.0,0.0
2027-2.5/MVS,19057,70.33,0.0,0.0,0.0,0.0,0.0,0.0,0.0,0.0,0.0,0.0,0.0
2027-2.5/MVS1,18770,70.3,0.0,0.0,0.0,0.0,0.0,0.0,0.0,0.0,0.0,"4,641.0","4,641.0"
2027-2.5/MVS1,18774,29.7,0.0,0.0,0.0,0.0,0.0,0.0,0.0,0.0,0.0,"1,960.7","1,960.7"
205FLX2006/B,18696,53.68,0.0,0.0,0.0,0.0,0.0,0.0,0.0,0.0,0.0,"15,441.1","15,441.1"
205FLX2006/B,18870,46.32,0.0,0.0,0.0,0.0,0.0,0.0,0.0,0.0,0.0,"13,323.9","13,323.9"
2094/CC,14415,12.6,0.0,0.0,0.0,0.0,0.0,0.0,0.0,0.0,0.0,964.7,964.7
2094/CC,18771,87.4,0.0,0.0,0.0,0.0,0.0,0.0,0.0,0.0,0.0,"6,691.3","6,691.3"
2140390/I,18334,88.2,0.0,0.0,0.0,0.0,0.0,0.0,0.0,0.0,0.0,0.0,0.0
2140390/I,18928,11.8,0.0,0.0,0.0,0.0,0.0,0.0,0.0,0.0,0.0,0.0,0.0
2140391/I,18334,88.5,0.0,0.0,0.0,0.0,0.0,0.0,0.0,0.0,0.0,0.0,0.0
2140391/I,18928,11.5,0.0,0.0,0.0,0.0,0.0,0.0,0.0,0.0,0.0,0.0,0.0
2140395/I,18334,87.8,0.0,0.0,0.0,0.0,0.0,0.0,0.0,0.0,0.0,108.0,108.0
2140395/I,18928,12.2,0.0,0.0,0.0,0.0,0.0,0.0,0.0,0.0,0.0,15.0,15.0
3009OW/0,18019,100,0.0,"6,015.2","6,015.2","6,015.2","2,299.4",0.0,0.0,0.0,0.0,0.0,"20,344.9"
601SM0312/M2,11427,17.2,103.2,0.0,0.0,0.0,0.0,0.0,0.0,0.0,0.0,0.0,103.2
601SM0312/M2,11505,54.3,325.8,0.0,0.0,0.0,0.0,0.0,0.0,0.0,0.0,0.0,325.8
601SM0312/M2,18565,28.5,171.0,0.0,0.0,0.0,0.0,0.0,0.0,0.0,0.0,0.0,171.0
601SM0654/2,9863,57.2,656.7,0.0,0.0,0.0,0.0,0.0,0.0,0.0,0.0,0.0,656.7
601SM0654/2,11896,19,218.1,0.0,0.0,0.0,0.0,0.0,0.0,0.0,0.0,0.0,218.1
601SM0654/2,18387,23.8,273.2,0.0,0.0,0.0,0.0,0.0,0.0,0.0,0.0,0.0,273.2
641SM0693/0,10995,57.9,521.1,0.0,0.0,0.0,0.0,0.0,0.0,0.0,0.0,0.0,521.1
641SM0693/0,11896,42.1,378.9,0.0,0.0,0.0,0.0,0.0,0.0,0.0,0.0,0.0,378.9
701SM0824/0,11896,90.1,720.8,0.0,0.0,0.0,0.0,0.0,0.0,0.0,0.0,"1,171.3","1,892.1"
701SM0824/0,18290,9.9,79.2,0.0,0.0,0.0,0.0,0.0,0.0,0.0,0.0,128.7,207.9
71246/BB,18645,58.1,0.0,0.0,558.8,"2,048.9",645.9,0.0,0.0,0.0,0.0,"3,949.1","7,202.7"
71246/BB,19054,41.9,0.0,0.0,403.0,"1,477.6",465.8,0.0,0.0,0.0,0.0,"2,848.0","5,194.4"
71246D/0,14242,33.35,0.0,0.0,0.0,0.0,0.0,0.0,0.0,0.0,0.0,"1,371.1","1,371.1"
71246D/0,18970,66.65,0.0,0.0,0.0,0.0,0.0,0.0,0.0,0.0,0.0,"2,740.0","2,740.0"
71400/582LP,13560,3,0.0,33.0,0.0,0.0,0.0,0.0,0.0,0.0,0.0,18.2,51.2
71400/582LP,18970,97,0.0,"1,067.0",0.0,0.0,0.0,0.0,0.0,0.0,0.0,587.6,"1,654.6"
721SM0470/U,9863,58,"3,251.4",0.0,0.0,0.0,0.0,0.0,0.0,0.0,0.0,0.0,"3,251.4"
721SM0470/U,11896,42,"2,354.5",0.0,0.0,0.0,0.0,0.0,0.0,0.0,0.0,0.0,"2,354.5"
721SM0627/1,10027,8.6,0.0,0.0,0.0,0.0,0.0,0.0,0.0,0.0,0.0,237.8,237.8
721SM0627/1,10153,35.8,0.0,0.0,0.0,0.0,0.0,0.0,0.0,0.0,0.0,989.9,989.9
721SM0627/1,10795,55.6,0.0,0.0,0.0,0.0,0.0,0.0,0.0,0.0,0.0,"1,537.3","1,537.3"
72762/PL,13561,6.1,0.0,0.0,0.0,0.0,0.0,0.0,0.0,0.0,0.0,0.0,0.0
72762/PL,14242,93.9,0.0,0.0,0.0,0.0,0.0,0.0,0.0,0.0,0.0,0.0,0.0
751SM0780/1,10027,71.7,0.0,0.0,0.0,0.0,0.0,0.0,0.0,0.0,0.0,"14,049.5","14,049.5"
751SM0780/1,18290,28.3,0.0,0.0,0.0,0.0,0.0,0.0,0.0,0.0,0.0,"5,545.3","5,545.3"
910001/ST2,18707,50.2,913.5,913.5,416.1,0.0,0.0,0.0,0.0,0.0,0.0,0.0,"2,243.1"
910001/ST2,18758,25.5,464.0,464.0,211.4,0.0,0.0,0.0,0.0,0.0,0.0,0.0,"1,139.4"
910001/ST2,18869,24.3,442.2,442.2,201.4,0.0,0.0,0.0,0.0,0.0,0.0,0.0,"1,085.8"
BK 5425/1,10027,8.6,0.0,0.0,0.0,0.0,0.0,0.0,0.0,0.0,0.0,91.4,91.4
BK 5425/1,10153,39.3,0.0,0.0,0.0,0.0,0.0,0.0,0.0,0.0,0.0,417.8,417.8
BK 5425/1,10795,52.1,0.0,0.0,0.0,0.0,0.0,0.0,0.0,0.0,0.0,553.8,553.8
BK 7215/6020M,14734,6.6,0.0,0.0,0.0,0.0,0.0,0.0,0.0,0.0,0.0,105.6,105.6
BK 7215/6020M,19081,46.7,0.0,0.0,0.0,0.0,0.0,0.0,0.0,0.0,0.0,747.2,747.2
BK 7215/6020M,19082,46.7,0.0,0.0,0.0,0.0,0.0,0.0,0.0,0.0,0.0,747.2,747.2
BK 8101/0,11409,1.5,0.0,0.0,0.0,0.0,0.0,0.0,0.0,0.0,0.0,1.5,1.5
BK 8101/0,18341,48.9,0.0,0.0,0.0,0.0,0.0,0.0,0.0,0.0,0.0,47.8,47.8
BK 8101/0,18344,49.6,0.0,0.0,0.0,0.0,0.0,0.0,0.0,0.0,0.0,48.5,48.5
C1B3194/1D,18598,45.7,0.0,0.0,"1,100.2","1,100.2",541.6,0.0,0.0,0.0,0.0,90.0,"2,832.0"
C1B3194/1D,18894,54.3,0.0,0.0,"1,307.2","1,307.2",643.5,0.0,0.0,0.0,0.0,107.0,"3,365.0"
C1B3195/1B,18594,40.7,0.0,0.0,0.0,0.0,0.0,0.0,0.0,0.0,0.0,196.2,196.2
C1B3195/1B,18620,10.6,0.0,0.0,0.0,0.0,0.0,0.0,0.0,0.0,0.0,51.1,51.1
C1B3195/1B,18646,16.9,0.0,0.0,0.0,0.0,0.0,0.0,0.0,0.0,0.0,81.5,81.5
C1B3195/1B,18763,31.2,0.0,0.0,0.0,0.0,0.0,0.0,0.0,0.0,0.0,150.4,150.4
C1B3195/1B,18929,0.6,0.0,0.0,0.0,0.0,0.0,0.0,0.0,0.0,0.0,2.9,2.9
C1B3799/2A,12526,28.6,0.0,0.0,0.0,0.0,0.0,0.0,0.0,0.0,0.0,481.6,481.6
C1B3799/2A,18376,44.4,0.0,0.0,0.0,0.0,0.0,0.0,0.0,0.0,0.0,747.6,747.6
C1B3799/2A,18667,18.2,0.0,0.0,0.0,0.0,0.0,0.0,0.0,0.0,0.0,306.5,306.5
C1B3799/2A,19003,8.8,0.0,0.0,0.0,0.0,0.0,0.0,0.0,0.0,0.0,148.2,148.2
C1B3917/1B,18414,30.1,0.0,0.0,0.0,0.0,0.0,301.0,0.0,0.0,0.0,0.0,301.0
C1B3917/1B,18763,18.3,0.0,0.0,0.0,0.0,0.0,183.0,0.0,0.0,0.0,0.0,183.0
C1B3917/1B,18893,11.7,0.0,0.0,0.0,0.0,0.0,117.0,0.0,0.0,0.0,0.0,117.0
C1B3917/1B,18894,11.3,0.0,0.0,0.0,0.0,0.0,113.0,0.0,0.0,0.0,0.0,113.0
C1B3917/1B,18900,28.6,0.0,0.0,0.0,0.0,0.0,286.0,0.0,0.0,0.0,0.0,286.0
C1B3941/1C,18414,25.1,0.0,0.0,0.0,0.0,0.0,0.0,0.0,0.0,0.0,376.5,376.5
C1B3941/1C,18763,17.2,0.0,0.0,0.0,0.0,0.0,0.0,0.0,0.0,0.0,258.0,258.0
C1B3941/1C,18832,27.6,0.0,0.0,0.0,0.0,0.0,0.0,0.0,0.0,0.0,414.0,414.0
C1B3941/1C,18893,16.9,0.0,0.0,0.0,0.0,0.0,0.0,0.0,0.0,0.0,253.5,253.5
C1B3941/1C,18894,13.2,0.0,0.0,0.0,0.0,0.0,0.0,0.0,0.0,0.0,198.0,198.0
C1B4014-42/1AT,18363,10.92,0.0,0.0,0.0,0.0,0.0,0.0,0.0,0.0,0.0,499.9,499.9
C1B4014-42/1AT,18594,45.18,0.0,0.0,0.0,0.0,0.0,0.0,0.0,0.0,0.0,"2,068.1","2,068.1"
C1B4014-42/1AT,18763,37.05,0.0,0.0,0.0,0.0,0.0,0.0,0.0,0.0,0.0,"1,696.0","1,696.0"
C1B4014-42/1AT,18929,0.67,0.0,0.0,0.0,0.0,0.0,0.0,0.0,0.0,0.0,30.7,30.7
C1B4014-42/1AT,19003,6.19,0.0,0.0,0.0,0.0,0.0,0.0,0.0,0.0,0.0,283.3,283.3
C1B4033/1B,12526,12.5,0.0,0.0,0.0,0.0,0.0,125.0,0.0,0.0,0.0,0.0,125.0
C1B4033/1B,18376,39,0.0,0.0,0.0,0.0,0.0,390.0,0.0,0.0,0.0,0.0,390.0
C1B4033/1B,18763,24.9,0.0,0.0,0.0,0.0,0.0,249.0,0.0,0.0,0.0,0.0,249.0
C1B4033/1B,18865,7.7,0.0,0.0,0.0,0.0,0.0,77.0,0.0,0.0,0.0,0.0,77.0
C1B4033/1B,18894,15.9,0.0,0.0,0.0,0.0,0.0,159.0,0.0,0.0,0.0,0.0,159.0
C1B4038/1C,12526,25.9,0.0,0.0,0.0,0.0,0.0,323.8,0.0,0.0,0.0,0.0,323.8
C1B4038/1C,18376,41,0.0,0.0,0.0,0.0,0.0,512.5,0.0,0.0,0.0,0.0,512.5
C1B4038/1C,18893,16.3,0.0,0.0,0.0,0.0,0.0,203.8,0.0,0.0,0.0,0.0,203.8
C1B4038/1C,18894,16.8,0.0,0.0,0.0,0.0,0.0,210.0,0.0,0.0,0.0,0.0,210.0
C1B4125A/1B,18233,16.2,0.0,0.0,0.0,0.0,0.0,0.0,0.0,0.0,0.0,"1,175.5","1,175.5"
C1B4125A/1B,18293,8.4,0.0,0.0,0.0,0.0,0.0,0.0,0.0,0.0,0.0,609.5,609.5
C1B4125A/1B,18372,26.2,0.0,0.0,0.0,0.0,0.0,0.0,0.0,0.0,0.0,"1,901.1","1,901.1"
C1B4125A/1B,18894,8.4,0.0,0.0,0.0,0.0,0.0,0.0,0.0,0.0,0.0,609.5,609.5
C1B4125A/1B,19020,40.8,0.0,0.0,0.0,0.0,0.0,0.0,0.0,0.0,0.0,"2,960.4","2,960.4"
C1B4125A/1DD,18233,16.2,0.0,0.0,0.0,0.0,0.0,0.0,0.0,0.0,0.0,0.0,0.0
C1B4125A/1DD,18293,8.4,0.0,0.0,0.0,0.0,0.0,0.0,0.0,0.0,0.0,0.0,0.0
C1B4125A/1DD,18372,26.2,0.0,0.0,0.0,0.0,0.0,0.0,0.0,0.0,0.0,0.0,0.0
C1B4125A/1DD,18868,40.8,0.0,0.0,0.0,0.0,0.0,0.0,0.0,0.0,0.0,0.0,0.0
C1B4125A/1DD,18894,8.4,0.0,0.0,0.0,0.0,0.0,0.0,0.0,0.0,0.0,0.0,0.0
C1B4312A/1RECS,18594,27.9,0.0,0.0,0.0,0.0,0.0,0.0,0.0,0.0,0.0,199.8,199.8
C1B4312A/1RECS,18865,4.9,0.0,0.0,0.0,0.0,0.0,0.0,0.0,0.0,0.0,35.1,35.1
C1B4312A/1RECS,18899,8.2,0.0,0.0,0.0,0.0,0.0,0.0,0.0,0.0,0.0,58.7,58.7
C1B4312A/1RECS,18927,31.7,0.0,0.0,0.0,0.0,0.0,0.0,0.0,0.0,0.0,227.0,227.0
C1B4312A/1RECS,18929,0.6,0.0,0.0,0.0,0.0,0.0,0.0,0.0,0.0,0.0,4.3,4.3
C1B4312A/1RECS,18961,10.8,0.0,0.0,0.0,0.0,0.0,0.0,0.0,0.0,0.0,77.3,77.3
C1B4312A/1RECS,19066,15.9,0.0,0.0,0.0,0.0,0.0,0.0,0.0,0.0,0.0,113.8,113.8
C1B4312A/2REC,18594,27.9,0.0,0.0,0.0,0.0,0.0,0.0,0.0,0.0,0.0,4.6,4.6
C1B4312A/2REC,18865,4.9,0.0,0.0,0.0,0.0,0.0,0.0,0.0,0.0,0.0,0.8,0.8
C1B4312A/2REC,18872,8.2,0.0,0.0,0.0,0.0,0.0,0.0,0.0,0.0,0.0,1.4,1.4
C1B4312A/2REC,18927,31.7,0.0,0.0,0.0,0.0,0.0,0.0,0.0,0.0,0.0,5.2,5.2
C1B4312A/2REC,18929,0.6,0.0,0.0,0.0,0.0,0.0,0.0,0.0,0.0,0.0,0.1,0.1
C1B4312A/2REC,18961,10.8,0.0,0.0,0.0,0.0,0.0,0.0,0.0,0.0,0.0,1.8,1.8
C1B4312A/2REC,19066,15.9,0.0,0.0,0.0,0.0,0.0,0.0,0.0,0.0,0.0,2.6,2.6
C1B4312A/2RECA,12526,15.9,0.0,0.0,547.1,547.1,547.1,547.1,547.1,547.1,547.1,"1,258.2","5,088.0"
C1B4312A/2RECA,18594,27.9,0.0,0.0,960.0,960.0,960.0,960.0,960.0,960.0,960.0,"2,207.7","8,928.0"
C1B4312A/2RECA,18872,8.2,0.0,0.0,282.2,282.2,282.2,282.2,282.2,282.2,282.2,648.9,"2,624.0"
C1B4312A/2RECA,18927,31.7,0.0,0.0,"1,090.8","1,090.8","1,090.8","1,090.8","1,090.8","1,090.8","1,090.8","2,508.4","10,144.0"
C1B4312A/2RECA,18929,0.6,0.0,0.0,20.6,20.6,20.6,20.6,20.6,20.6,20.6,47.5,192.0
C1B4312A/2RECA,18961,10.8,0.0,0.0,371.6,371.6,371.6,371.6,371.6,371.6,371.6,854.6,"3,456.0"
C1B4312A/2RECA,19003,4.9,0.0,0.0,168.6,168.6,168.6,168.6,168.6,168.6,168.6,387.7,"1,568.0"
C1B4312A/2RECU,12526,15.9,0.0,0.0,0.0,0.0,0.0,0.0,0.0,0.0,0.0,267.9,267.9
C1B4312A/2RECU,18594,27.9,0.0,0.0,0.0,0.0,0.0,0.0,0.0,0.0,0.0,470.1,470.1
C1B4312A/2RECU,18865,4.9,0.0,0.0,0.0,0.0,0.0,0.0,0.0,0.0,0.0,82.6,82.6
C1B4312A/2RECU,18872,8.2,0.0,0.0,0.0,0.0,0.0,0.0,0.0,0.0,0.0,138.2,138.2
C1B4312A/2RECU,18927,31.7,0.0,0.0,0.0,0.0,0.0,0.0,0.0,0.0,0.0,534.1,534.1
C1B4312A/2RECU,18929,0.6,0.0,0.0,0.0,0.0,0.0,0.0,0.0,0.0,0.0,10.1,10.1
C1B4312A/2RECU,18961,10.8,0.0,0.0,0.0,0.0,0.0,0.0,0.0,0.0,0.0,182.0,182.0
C1B4313A/1RECL,12526,15.8,0.0,0.0,0.0,0.0,0.0,0.0,0.0,0.0,0.0,0.0,0.0
C1B4313A/1RECL,18290,11.4,0.0,0.0,0.0,0.0,0.0,0.0,0.0,0.0,0.0,0.0,0.0
C1B4313A/1RECL,18594,28,0.0,0.0,0.0,0.0,0.0,0.0,0.0,0.0,0.0,0.0,0.0
C1B4313A/1RECL,18865,4.9,0.0,0.0,0.0,0.0,0.0,0.0,0.0,0.0,0.0,0.0,0.0
C1B4313A/1RECL,18899,8,0.0,0.0,0.0,0.0,0.0,0.0,0.0,0.0,0.0,0.0,0.0
C1B4313A/1RECL,18927,31.3,0.0,0.0,0.0,0.0,0.0,0.0,0.0,0.0,0.0,0.0,0.0
C1B4313A/1RECL,18929,0.6,0.0,0.0,0.0,0.0,0.0,0.0,0.0,0.0,0.0,0.0,0.0
C1B4313A/2RECS,18594,28,0.0,0.0,0.0,0.0,0.0,0.0,0.0,0.0,0.0,3.3,3.3
C1B4313A/2RECS,18865,4.9,0.0,0.0,0.0,0.0,0.0,0.0,0.0,0.0,0.0,0.6,0.6
C1B4313A/2RECS,18899,8,0.0,0.0,0.0,0.0,0.0,0.0,0.0,0.0,0.0,1.0,1.0
C1B4313A/2RECS,18927,31.3,0.0,0.0,0.0,0.0,0.0,0.0,0.0,0.0,0.0,3.7,3.7
C1B4313A/2RECS,18929,0.6,0.0,0.0,0.0,0.0,0.0,0.0,0.0,0.0,0.0,0.1,0.1
C1B4313A/2RECS,18961,11.4,0.0,0.0,0.0,0.0,0.0,0.0,0.0,0.0,0.0,1.4,1.4
C1B4313A/2RECS,19066,15.8,0.0,0.0,0.0,0.0,0.0,0.0,0.0,0.0,0.0,1.9,1.9
C1B4313A/3REC,18594,26,0.0,0.0,"1,326.0","1,326.0","1,326.0","1,326.0","1,326.0","1,169.8",0.0,268.6,"8,068.6"
C1B4313A/3REC,18865,4.7,0.0,0.0,239.7,239.7,239.7,239.7,239.7,211.5,0.0,48.6,"1,458.6"
C1B4313A/3REC,18872,9,0.0,0.0,459.0,459.0,459.0,459.0,459.0,404.9,0.0,93.0,"2,793.0"
C1B4313A/3REC,18927,30.1,0.0,0.0,"1,535.2","1,535.2","1,535.2","1,535.2","1,535.2","1,354.2",0.0,310.9,"9,340.9"
C1B4313A/3REC,18929,0.6,0.0,0.0,30.6,30.6,30.6,30.6,30.6,27.0,0.0,6.2,186.2
C1B4313A/3REC,18961,11.8,0.0,0.0,601.8,601.8,601.8,601.8,601.8,530.9,0.0,121.9,"3,661.9"
C1B4313A/3REC,19066,17.8,0.0,0.0,907.8,907.8,907.8,907.8,907.8,800.8,0.0,183.9,"5,523.9"
C1B4313A/3RECD,12526,17.8,0.0,0.0,0.0,0.0,0.0,0.0,0.0,0.0,0.0,799.2,799.2
C1B4313A/3RECD,18290,11.8,0.0,0.0,0.0,0.0,0.0,0.0,0.0,0.0,0.0,529.8,529.8
C1B4313A/3RECD,18594,26,0.0,0.0,0.0,0.0,0.0,0.0,0.0,0.0,0.0,"1,167.4","1,167.4"
C1B4313A/3RECD,18872,9,0.0,0.0,0.0,0.0,0.0,0.0,0.0,0.0,0.0,404.1,404.1
C1B4313A/3RECD,18927,30.1,0.0,0.0,0.0,0.0,0.0,0.0,0.0,0.0,0.0,"1,351.5","1,351.5"
C1B4313A/3RECD,18929,0.6,0.0,0.0,0.0,0.0,0.0,0.0,0.0,0.0,0.0,26.9,26.9
C1B4313A/3RECD,19003,4.7,0.0,0.0,0.0,0.0,0.0,0.0,0.0,0.0,0.0,211.0,211.0
C1B4350A/1L,12526,10.4,0.0,0.0,0.0,0.0,0.0,0.0,0.0,0.0,0.0,0.0,0.0
C1B4350A/1L,18184,16.2,0.0,0.0,0.0,0.0,0.0,0.0,0.0,0.0,0.0,0.0,0.0
C1B4350A/1L,18763,23.9,0.0,0.0,0.0,0.0,0.0,0.0,0.0,0.0,0.0,0.0,0.0
C1B4350A/1L,18888,32.6,0.0,0.0,0.0,0.0,0.0,0.0,0.0,0.0,0.0,0.0,0.0
C1B4350A/1L,18929,0.7,0.0,0.0,0.0,0.0,0.0,0.0,0.0,0.0,0.0,0.0,0.0
C1B4350A/1L,18935,16.2,0.0,0.0,0.0,0.0,0.0,0.0,0.0,0.0,0.0,0.0,0.0
C1B4356A/1,18426,39,0.0,0.0,0.0,0.0,0.0,0.0,0.0,0.0,0.0,19.5,19.5
C1B4356A/1,18442,14.5,0.0,0.0,0.0,0.0,0.0,0.0,0.0,0.0,0.0,7.3,7.3
C1B4356A/1,18763,40.1,0.0,0.0,0.0,0.0,0.0,0.0,0.0,0.0,0.0,20.1,20.1
C1B4356A/1,18865,6.4,0.0,0.0,0.0,0.0,0.0,0.0,0.0,0.0,0.0,3.2,3.2
C1B4571A/1D,12150,3.9,0.0,0.0,0.0,0.0,0.0,0.0,0.0,0.0,0.0,0.0,0.0
C1B4571A/1D,18646,7.4,0.0,0.0,0.0,0.0,0.0,0.0,0.0,0.0,0.0,0.0,0.0
C1B4571A/1D,18712,8,0.0,0.0,0.0,0.0,0.0,0.0,0.0,0.0,0.0,0.0,0.0
C1B4571A/1D,18763,35.3,0.0,0.0,0.0,0.0,0.0,0.0,0.0,0.0,0.0,0.0,0.0
C1B4571A/1D,18929,0.7,0.0,0.0,0.0,0.0,0.0,0.0,0.0,0.0,0.0,0.0,0.0
C1B4571A/1D,18954,6.9,0.0,0.0,0.0,0.0,0.0,0.0,0.0,0.0,0.0,0.0,0.0
C1B4571A/1D,19046,37.8,0.0,0.0,0.0,0.0,0.0,0.0,0.0,0.0,0.0,0.0,0.0
C1B4571A/1N,18646,7.4,0.0,0.0,0.0,0.0,0.0,0.0,0.0,0.0,0.0,"6,652.4","6,652.4"
C1B4571A/1N,18712,8,0.0,0.0,0.0,0.0,0.0,0.0,0.0,0.0,0.0,"7,191.8","7,191.8"
C1B4571A/1N,18763,35.3,0.0,0.0,0.0,0.0,0.0,0.0,0.0,0.0,0.0,"31,733.7","31,733.7"
C1B4571A/1N,18929,0.7,0.0,0.0,0.0,0.0,0.0,0.0,0.0,0.0,0.0,629.3,629.3
C1B4571A/1N,18954,6.9,0.0,0.0,0.0,0.0,0.0,0.0,0.0,0.0,0.0,"6,202.9","6,202.9"
C1B4571A/1N,18993,3.9,0.0,0.0,0.0,0.0,0.0,0.0,0.0,0.0,0.0,"3,506.0","3,506.0"
C1B4571A/1N,19046,37.8,0.0,0.0,0.0,0.0,0.0,0.0,0.0,0.0,0.0,"33,981.1","33,981.1"
C1B4612A/1,12526,8.1,0.0,0.0,0.0,0.0,0.0,212.3,30.7,0.0,0.0,0.0,243.0
C1B4612A/1,18233,22,0.0,0.0,0.0,0.0,0.0,576.7,83.3,0.0,0.0,0.0,660.0
C1B4612A/1,18452,46.2,0.0,0.0,0.0,0.0,0.0,"1,211.0",175.0,0.0,0.0,0.0,"1,386.0"
C1B4612A/1,18673,23.7,0.0,0.0,0.0,0.0,0.0,621.2,89.8,0.0,0.0,0.0,711.0
C1B4613A/1,12526,15.9,0.0,0.0,0.0,447.8,188.2,0.0,0.0,0.0,0.0,0.0,636.0
C1B4613A/1,18233,19.7,0.0,0.0,0.0,554.8,233.2,0.0,0.0,0.0,0.0,0.0,788.0
C1B4613A/1,18372,22.4,0.0,0.0,0.0,630.9,265.1,0.0,0.0,0.0,0.0,0.0,896.0
C1B4613A/1,18452,42,0.0,0.0,0.0,"1,182.9",497.1,0.0,0.0,0.0,0.0,0.0,"1,680.0"
C1B4741A/1,11759,11.85,5.9,0.0,0.0,0.0,0.0,0.0,0.0,0.0,0.0,0.0,5.9
C1B4741A/1,18233,11.45,5.7,0.0,0.0,0.0,0.0,0.0,0.0,0.0,0.0,0.0,5.7
C1B4741A/1,18318,14.46,7.2,0.0,0.0,0.0,0.0,0.0,0.0,0.0,0.0,0.0,7.2
C1B4741A/1,18763,37.12,18.6,0.0,0.0,0.0,0.0,0.0,0.0,0.0,0.0,0.0,18.6
C1B4741A/1,18776,24.48,12.2,0.0,0.0,0.0,0.0,0.0,0.0,0.0,0.0,0.0,12.2
C1B4741A/1,18929,0.63,0.3,0.0,0.0,0.0,0.0,0.0,0.0,0.0,0.0,0.0,0.3
C1B4747A/1,18372,37.76,0.0,0.0,0.0,0.0,0.0,0.0,0.0,0.0,0.0,15.1,15.1
C1B4747A/1,18622,14.29,0.0,0.0,0.0,0.0,0.0,0.0,0.0,0.0,0.0,5.7,5.7
C1B4747A/1,18794,47.96,0.0,0.0,0.0,0.0,0.0,0.0,0.0,0.0,0.0,19.2,19.2
C1B4770A/1,14148,13.46,6.7,0.0,0.0,0.0,0.0,0.0,0.0,0.0,0.0,0.0,6.7
C1B4770A/1,18376,14.41,7.2,0.0,0.0,0.0,0.0,0.0,0.0,0.0,0.0,0.0,7.2
C1B4770A/1,18594,26.08,13.0,0.0,0.0,0.0,0.0,0.0,0.0,0.0,0.0,0.0,13.0
C1B4770A/1,18763,39.54,19.8,0.0,0.0,0.0,0.0,0.0,0.0,0.0,0.0,0.0,19.8
C1B4770A/1,18865,5.89,2.9,0.0,0.0,0.0,0.0,0.0,0.0,0.0,0.0,0.0,2.9
C1B4770A/1,18929,0.62,0.3,0.0,0.0,0.0,0.0,0.0,0.0,0.0,0.0,0.0,0.3
C1B4774A/1,18615,12.46,5.0,0.0,0.0,0.0,0.0,0.0,0.0,0.0,0.0,0.0,5.0
C1B4774A/1,18616,27.97,11.2,0.0,0.0,0.0,0.0,0.0,0.0,0.0,0.0,0.0,11.2
C1B4774A/1,18763,52.07,20.8,0.0,0.0,0.0,0.0,0.0,0.0,0.0,0.0,0.0,20.8
C1B4774A/1,18865,7.5,3.0,0.0,0.0,0.0,0.0,0.0,0.0,0.0,0.0,0.0,3.0
C1B4774A/2,18452,40.43,16.2,0.0,0.0,0.0,0.0,0.0,0.0,0.0,0.0,0.0,16.2
C1B4774A/2,18763,52.07,20.8,0.0,0.0,0.0,0.0,0.0,0.0,0.0,0.0,0.0,20.8
C1B4774A/2,18865,7.5,3.0,0.0,0.0,0.0,0.0,0.0,0.0,0.0,0.0,0.0,3.0
C1B4781A/1,7726,21.54,0.0,0.0,0.0,0.0,0.0,0.0,0.0,0.0,0.0,8.6,8.6
C1B4781A/1,18019,44.61,0.0,0.0,0.0,0.0,0.0,0.0,0.0,0.0,0.0,17.8,17.8
C1B4781A/1,18143,8.46,0.0,0.0,0.0,0.0,0.0,0.0,0.0,0.0,0.0,3.4,3.4
C1B4781A/1,18454,8.46,0.0,0.0,0.0,0.0,0.0,0.0,0.0,0.0,0.0,3.4,3.4
C1B4781A/1,18819,16.92,0.0,0.0,0.0,0.0,0.0,0.0,0.0,0.0,0.0,6.8,6.8
C1B4782A/1,7726,11.93,0.0,0.0,0.0,0.0,0.0,0.0,0.0,0.0,0.0,6.0,6.0
C1B4782A/1,18019,49.44,0.0,0.0,0.0,0.0,0.0,0.0,0.0,0.0,0.0,24.7,24.7
C1B4782A/1,18522,16.41,0.0,0.0,0.0,0.0,0.0,0.0,0.0,0.0,0.0,8.2,8.2
C1B4782A/1,18763,16.17,0.0,0.0,0.0,0.0,0.0,0.0,0.0,0.0,0.0,8.1,8.1
C1B4782A/1,18865,6.05,0.0,0.0,0.0,0.0,0.0,0.0,0.0,0.0,0.0,3.0,3.0
C4T4131/TT1L,18376,20.2,0.0,0.0,0.0,0.0,0.0,0.0,0.0,0.0,0.0,253.4,253.4
C4T4131/TT1L,18706,25.9,0.0,0.0,0.0,0.0,0.0,0.0,0.0,0.0,0.0,324.9,324.9
C4T4131/TT1L,18763,29.9,0.0,0.0,0.0,0.0,0.0,0.0,0.0,0.0,0.0,375.1,375.1
C4T4131/TT1L,18929,1.1,0.0,0.0,0.0,0.0,0.0,0.0,0.0,0.0,0.0,13.8,13.8
C4T4131/TT1L,19049,8.6,0.0,0.0,0.0,0.0,0.0,0.0,0.0,0.0,0.0,107.9,107.9
C4T4131/TT1L,19066,14.3,0.0,0.0,0.0,0.0,0.0,0.0,0.0,0.0,0.0,179.4,179.4
CEE2746/1CG,18233,6.3,0.0,0.0,0.0,0.0,0.0,0.0,0.0,0.0,0.0,141.8,141.8
CEE2746/1CG,18438,28,0.0,0.0,0.0,0.0,0.0,0.0,0.0,0.0,0.0,630.0,630.0
CEE2746/1CG,18569,36.3,0.0,0.0,0.0,0.0,0.0,0.0,0.0,0.0,0.0,816.8,816.8
CEE2746/1CG,18646,6.3,0.0,0.0,0.0,0.0,0.0,0.0,0.0,0.0,0.0,141.8,141.8
CEE2746/1CG,18737,10.2,0.0,0.0,0.0,0.0,0.0,0.0,0.0,0.0,0.0,229.5,229.5
CEE2746/1CG,18904,12.3,0.0,0.0,0.0,0.0,0.0,0.0,0.0,0.0,0.0,276.8,276.8
CEE2746/1CG,18929,0.6,0.0,0.0,0.0,0.0,0.0,0.0,0.0,0.0,0.0,13.5,13.5
CEE2748/1CG,18233,6.3,0.0,0.0,0.0,0.0,0.0,0.0,0.0,0.0,0.0,15.1,15.1
CEE2748/1CG,18438,28,0.0,0.0,0.0,0.0,0.0,0.0,0.0,0.0,0.0,67.1,67.1
CEE2748/1CG,18569,36.3,0.0,0.0,0.0,0.0,0.0,0.0,0.0,0.0,0.0,86.9,86.9
CEE2748/1CG,18646,6.3,0.0,0.0,0.0,0.0,0.0,0.0,0.0,0.0,0.0,15.1,15.1
CEE2748/1CG,18737,10.2,0.0,0.0,0.0,0.0,0.0,0.0,0.0,0.0,0.0,24.4,24.4
CEE2748/1CG,18904,12.3,0.0,0.0,0.0,0.0,0.0,0.0,0.0,0.0,0.0,29.5,29.5
CEE2748/1CG,18929,0.6,0.0,0.0,0.0,0.0,0.0,0.0,0.0,0.0,0.0,1.4,1.4
CEE2748/1IN,12526,12.1,0.0,0.0,0.0,0.0,0.0,0.0,0.0,0.0,0.0,977.1,977.1
CEE2748/1IN,18233,6.3,0.0,0.0,0.0,0.0,0.0,0.0,0.0,0.0,0.0,508.7,508.7
CEE2748/1IN,18438,28,0.0,0.0,0.0,0.0,0.0,0.0,0.0,0.0,0.0,"2,261.1","2,261.1"
CEE2748/1IN,18646,6.3,0.0,0.0,0.0,0.0,0.0,0.0,0.0,0.0,0.0,508.7,508.7
CEE2748/1IN,18737,10.2,0.0,0.0,0.0,0.0,0.0,0.0,0.0,0.0,0.0,823.7,823.7
CEE2748/1IN,18763,24.2,0.0,0.0,0.0,0.0,0.0,0.0,0.0,0.0,0.0,"1,954.2","1,954.2"
CEE2748/1IN,18904,12.3,0.0,0.0,0.0,0.0,0.0,0.0,0.0,0.0,0.0,993.2,993.2
CEE2748/1IN,18929,0.6,0.0,0.0,0.0,0.0,0.0,0.0,0.0,0.0,0.0,48.5,48.5
CEE2838/1CG,18233,6.3,0.0,0.0,0.0,0.0,0.0,0.0,0.0,0.0,0.0,0.0,0.0
CEE2838/1CG,18438,28,0.0,0.0,0.0,0.0,0.0,0.0,0.0,0.0,0.0,0.0,0.0
CEE2838/1CG,18569,36.3,0.0,0.0,0.0,0.0,0.0,0.0,0.0,0.0,0.0,0.0,0.0
CEE2838/1CG,18646,6.3,0.0,0.0,0.0,0.0,0.0,0.0,0.0,0.0,0.0,0.0,0.0
CEE2838/1CG,18737,10.2,0.0,0.0,0.0,0.0,0.0,0.0,0.0,0.0,0.0,0.0,0.0
CEE2838/1CG,18904,12.3,0.0,0.0,0.0,0.0,0.0,0.0,0.0,0.0,0.0,0.0,0.0
CEE2838/1CG,18929,0.6,0.0,0.0,0.0,0.0,0.0,0.0,0.0,0.0,0.0,0.0,0.0
CEE2838/1IN ,12526,12.1,0.0,0.0,0.0,0.0,0.0,0.0,0.0,0.0,0.0,635.1,635.1
CEE2838/1IN ,18233,6.3,0.0,0.0,0.0,0.0,0.0,0.0,0.0,0.0,0.0,330.7,330.7
CEE2838/1IN ,18438,28,0.0,0.0,0.0,0.0,0.0,0.0,0.0,0.0,0.0,"1,469.7","1,469.7"
CEE2838/1IN ,18646,6.3,0.0,0.0,0.0,0.0,0.0,0.0,0.0,0.0,0.0,330.7,330.7
CEE2838/1IN ,18737,10.2,0.0,0.0,0.0,0.0,0.0,0.0,0.0,0.0,0.0,535.4,535.4
CEE2838/1IN ,18763,24.2,0.0,0.0,0.0,0.0,0.0,0.0,0.0,0.0,0.0,"1,270.3","1,270.3"
CEE2838/1IN ,18904,12.3,0.0,0.0,0.0,0.0,0.0,0.0,0.0,0.0,0.0,645.6,645.6
CEE2838/1IN ,18929,0.6,0.0,0.0,0.0,0.0,0.0,0.0,0.0,0.0,0.0,31.5,31.5
CEE2840/1CG,18233,6,0.0,0.0,0.0,0.0,0.0,0.0,0.0,0.0,0.0,120.0,120.0
CEE2840/1CG,18438,30.3,0.0,0.0,0.0,0.0,0.0,0.0,0.0,0.0,0.0,606.0,606.0
CEE2840/1CG,18569,35,0.0,0.0,0.0,0.0,0.0,0.0,0.0,0.0,0.0,700.0,700.0
CEE2840/1CG,18646,5.9,0.0,0.0,0.0,0.0,0.0,0.0,0.0,0.0,0.0,118.0,118.0
CEE2840/1CG,18737,11.3,0.0,0.0,0.0,0.0,0.0,0.0,0.0,0.0,0.0,226.0,226.0
CEE2840/1CG,18904,10.9,0.0,0.0,0.0,0.0,0.0,0.0,0.0,0.0,0.0,218.0,218.0
CEE2840/1CG,18929,0.6,0.0,0.0,0.0,0.0,0.0,0.0,0.0,0.0,0.0,12.0,12.0
CEE2841/1T,12526,12.1,151.3,0.0,0.0,0.0,0.0,0.0,0.0,0.0,0.0,0.0,151.3
CEE2841/1T,18233,6.3,78.8,0.0,0.0,0.0,0.0,0.0,0.0,0.0,0.0,0.0,78.8
CEE2841/1T,18438,28,350.0,0.0,0.0,0.0,0.0,0.0,0.0,0.0,0.0,0.0,350.0
CEE2841/1T,18646,6.3,78.8,0.0,0.0,0.0,0.0,0.0,0.0,0.0,0.0,0.0,78.8
CEE2841/1T,18737,10.2,127.5,0.0,0.0,0.0,0.0,0.0,0.0,0.0,0.0,0.0,127.5
CEE2841/1T,18763,24.2,302.5,0.0,0.0,0.0,0.0,0.0,0.0,0.0,0.0,0.0,302.5
CEE2841/1T,18904,12.3,153.8,0.0,0.0,0.0,0.0,0.0,0.0,0.0,0.0,0.0,153.8
CEE2841/1T,18929,0.6,7.5,0.0,0.0,0.0,0.0,0.0,0.0,0.0,0.0,0.0,7.5
CEE3050/1CG,18233,6.2,0.0,0.0,0.0,0.0,0.0,0.0,0.0,0.0,0.0,0.0,0.0
CEE3050/1CG,18438,27.4,0.0,0.0,0.0,0.0,0.0,0.0,0.0,0.0,0.0,0.0,0.0
CEE3050/1CG,18646,6.2,0.0,0.0,0.0,0.0,0.0,0.0,0.0,0.0,0.0,0.0,0.0
CEE3050/1CG,18737,10.1,0.0,0.0,0.0,0.0,0.0,0.0,0.0,0.0,0.0,0.0,0.0
CEE3050/1CG,18763,25.8,0.0,0.0,0.0,0.0,0.0,0.0,0.0,0.0,0.0,0.0,0.0
CEE3050/1CG,18904,12,0.0,0.0,0.0,0.0,0.0,0.0,0.0,0.0,0.0,0.0,0.0
CEE3050/1CG,18929,0.6,0.0,0.0,0.0,0.0,0.0,0.0,0.0,0.0,0.0,0.0,0.0
CEE3050/1CG,19066,11.7,0.0,0.0,0.0,0.0,0.0,0.0,0.0,0.0,0.0,0.0,0.0
CEE3050/1CU,12526,11.7,0.0,0.0,0.0,0.0,0.0,0.0,0.0,0.0,0.0,616.2,616.2
CEE3050/1CU,18233,6.2,0.0,0.0,0.0,0.0,0.0,0.0,0.0,0.0,0.0,326.6,326.6
CEE3050/1CU,18438,27.4,0.0,0.0,0.0,0.0,0.0,0.0,0.0,0.0,0.0,"1,443.2","1,443.2"
CEE3050/1CU,18646,6.2,0.0,0.0,0.0,0.0,0.0,0.0,0.0,0.0,0.0,326.6,326.6
CEE3050/1CU,18737,10.1,0.0,0.0,0.0,0.0,0.0,0.0,0.0,0.0,0.0,532.0,532.0
CEE3050/1CU,18763,25.8,0.0,0.0,0.0,0.0,0.0,0.0,0.0,0.0,0.0,"1,358.9","1,358.9"
CEE3050/1CU,18904,12,0.0,0.0,0.0,0.0,0.0,0.0,0.0,0.0,0.0,632.0,632.0
CEE3050/1CU,18929,0.6,0.0,0.0,0.0,0.0,0.0,0.0,0.0,0.0,0.0,31.6,31.6
CEE3267/3T,18307,10.1,0.0,0.0,0.0,0.0,0.0,0.0,0.0,0.0,0.0,101.0,101.0
CEE3267/3T,18358,12,0.0,0.0,0.0,0.0,0.0,0.0,0.0,0.0,0.0,120.0,120.0
CEE3267/3T,18553,25.2,0.0,0.0,0.0,0.0,0.0,0.0,0.0,0.0,0.0,252.0,252.0
CEE3267/3T,18605,10.3,0.0,0.0,0.0,0.0,0.0,0.0,0.0,0.0,0.0,103.0,103.0
CEE3267/3T,18763,42.4,0.0,0.0,0.0,0.0,0.0,0.0,0.0,0.0,0.0,424.0,424.0
CEE3837/1B,18629,11.2,0.0,0.0,0.0,0.0,0.0,0.0,0.0,0.0,0.0,151.4,151.4
CEE3837/1B,18646,15.7,0.0,0.0,0.0,0.0,0.0,0.0,0.0,0.0,0.0,212.3,212.3
CEE3837/1B,18763,44.6,0.0,0.0,0.0,0.0,0.0,0.0,0.0,0.0,0.0,603.0,603.0
CEE3837/1B,18773,19,0.0,0.0,0.0,0.0,0.0,0.0,0.0,0.0,0.0,256.9,256.9
CEE3837/1B,18894,9.5,0.0,0.0,0.0,0.0,0.0,0.0,0.0,0.0,0.0,128.4,128.4
CEE4078/2A,12526,11.6,58.5,214.5,214.5,214.5,214.5,214.5,214.5,104.5,0.0,0.0,"1,450.0"
CEE4078/2A,18208,10.1,50.9,186.8,186.8,186.8,186.8,186.8,186.8,91.0,0.0,0.0,"1,262.5"
CEE4078/2A,18594,38.5,194.2,711.9,711.9,711.9,711.9,711.9,711.9,346.9,0.0,0.0,"4,812.5"
CEE4078/2A,18646,10.7,54.0,197.9,197.9,197.9,197.9,197.9,197.9,96.4,0.0,0.0,"1,337.5"
CEE4078/2A,18763,23.1,116.5,427.1,427.1,427.1,427.1,427.1,427.1,208.1,0.0,0.0,"2,887.5"
CEE4078/2A,18929,0.7,3.5,12.9,12.9,12.9,12.9,12.9,12.9,6.3,0.0,0.0,87.5
CEE4078/2A,19003,5.3,26.7,98.0,98.0,98.0,98.0,98.0,98.0,47.8,0.0,0.0,662.5
CEE4293A/1L,12526,10.5,157.5,0.0,0.0,0.0,0.0,0.0,0.0,0.0,0.0,0.0,157.5
CEE4293A/1L,18133,24.2,363.0,0.0,0.0,0.0,0.0,0.0,0.0,0.0,0.0,0.0,363.0
CEE4293A/1L,18454,11.1,166.5,0.0,0.0,0.0,0.0,0.0,0.0,0.0,0.0,0.0,166.5
CEE4293A/1L,18713,31.6,474.0,0.0,0.0,0.0,0.0,0.0,0.0,0.0,0.0,0.0,474.0
CEE4293A/1L,18763,22,330.0,0.0,0.0,0.0,0.0,0.0,0.0,0.0,0.0,0.0,330.0
CEE4293A/1L,18929,0.6,9.0,0.0,0.0,0.0,0.0,0.0,0.0,0.0,0.0,0.0,9.0
CEE4317A/1L,18164,11.2,0.0,0.0,218.1,218.1,218.1,129.6,0.0,0.0,0.0,2.1,786.1
CEE4317A/1L,18376,13.2,0.0,0.0,257.1,257.1,257.1,152.7,0.0,0.0,0.0,2.5,926.5
CEE4317A/1L,18598,11.2,0.0,0.0,218.1,218.1,218.1,129.6,0.0,0.0,0.0,2.1,786.1
CEE4317A/1L,18646,11.2,0.0,0.0,218.1,218.1,218.1,129.6,0.0,0.0,0.0,2.1,786.1
CEE4317A/1L,18763,52.4,0.0,0.0,"1,020.6","1,020.6","1,020.6",606.1,0.0,0.0,0.0,10.0,"3,678.0"
CEE4317A/1L,18929,0.8,0.0,0.0,15.6,15.6,15.6,9.3,0.0,0.0,0.0,0.2,56.2
CEE4585A/1B,18594,30.2,0.0,0.0,0.0,0.0,0.0,0.0,0.0,0.0,0.0,13.9,13.9
CEE4585A/1B,18646,17.6,0.0,0.0,0.0,0.0,0.0,0.0,0.0,0.0,0.0,8.1,8.1
CEE4585A/1B,18763,40.3,0.0,0.0,0.0,0.0,0.0,0.0,0.0,0.0,0.0,18.5,18.5
CEE4585A/1B,18900,10.5,0.0,0.0,0.0,0.0,0.0,0.0,0.0,0.0,0.0,4.8,4.8
CEE4585A/1B,18929,1.4,0.0,0.0,0.0,0.0,0.0,0.0,0.0,0.0,0.0,0.6,0.6
CEE4638A/1,12047,12.2,0.0,182.6,182.6,182.6,182.6,62.7,0.0,0.0,0.0,0.0,793.0
CEE4638A/1,12526,33.5,0.0,501.3,501.3,501.3,501.3,172.3,0.0,0.0,0.0,0.0,"2,177.5"
CEE4638A/1,18553,31,0.0,463.9,463.9,463.9,463.9,159.4,0.0,0.0,0.0,0.0,"2,015.0"
CEE4638A/1,18646,8.8,0.0,131.7,131.7,131.7,131.7,45.3,0.0,0.0,0.0,0.0,572.0
CEE4638A/1,18679,6.8,0.0,101.8,101.8,101.8,101.8,35.0,0.0,0.0,0.0,0.0,442.0
CEE4638A/1,18929,1.3,0.0,19.5,19.5,19.5,19.5,6.7,0.0,0.0,0.0,0.0,84.5
CEE4638A/1,18966,6.4,0.0,95.8,95.8,95.8,95.8,32.9,0.0,0.0,0.0,0.0,416.0
CEE4690A/1,19062,19.2,0.0,0.0,0.0,0.0,0.0,0.0,0.0,0.0,0.0,0.0,0.0
CEE4751A/1,12078,13.24,0.0,0.0,0.0,0.0,0.0,0.0,0.0,0.0,0.0,6.6,6.6
CEE4751A/1,12526,30.61,0.0,0.0,0.0,0.0,0.0,0.0,0.0,0.0,0.0,15.3,15.3
CEE4751A/1,18233,21.85,0.0,0.0,0.0,0.0,0.0,0.0,0.0,0.0,0.0,10.9,10.9
CEE4751A/1,18376,7.82,0.0,0.0,0.0,0.0,0.0,0.0,0.0,0.0,0.0,3.9,3.9
CEE4751A/1,18454,13.24,0.0,0.0,0.0,0.0,0.0,0.0,0.0,0.0,0.0,6.6,6.6
CEE4751A/1,18594,13.24,0.0,0.0,0.0,0.0,0.0,0.0,0.0,0.0,0.0,6.6,6.6
CEE4763A/1,18306,11.32,5.7,0.0,0.0,0.0,0.0,0.0,0.0,0.0,0.0,0.0,5.7
CEE4763A/1,18376,9.47,4.7,0.0,0.0,0.0,0.0,0.0,0.0,0.0,0.0,0.0,4.7
CEE4763A/1,18594,16.51,8.3,0.0,0.0,0.0,0.0,0.0,0.0,0.0,0.0,0.0,8.3
CEE4763A/1,18763,44.34,22.2,0.0,0.0,0.0,0.0,0.0,0.0,0.0,0.0,0.0,22.2
CEE4763A/1,18865,7.04,3.5,0.0,0.0,0.0,0.0,0.0,0.0,0.0,0.0,0.0,3.5
CEE4763A/1,18961,11.32,5.7,0.0,0.0,0.0,0.0,0.0,0.0,0.0,0.0,0.0,5.7
CEE4780A/1,11759,15.16,7.6,0.0,0.0,0.0,0.0,0.0,0.0,0.0,0.0,0.0,7.6
CEE4780A/1,18594,26.76,13.4,0.0,0.0,0.0,0.0,0.0,0.0,0.0,0.0,0.0,13.4
CEE4780A/1,18725,10.7,5.4,0.0,0.0,0.0,0.0,0.0,0.0,0.0,0.0,0.0,5.4
CEE4780A/1,18763,40.3,20.2,0.0,0.0,0.0,0.0,0.0,0.0,0.0,0.0,0.0,20.2
CEE4780A/1,18865,7.08,3.5,0.0,0.0,0.0,0.0,0.0,0.0,0.0,0.0,0.0,3.5
CEE4783A/1,18229,14.03,6.3,0.0,0.0,0.0,0.0,0.0,0.0,0.0,0.0,0.0,6.3
CEE4783A/1,18306,9.9,4.5,0.0,0.0,0.0,0.0,0.0,0.0,0.0,0.0,0.0,4.5
CEE4783A/1,18513,14.03,6.3,0.0,0.0,0.0,0.0,0.0,0.0,0.0,0.0,0.0,6.3
CEE4783A/1,18594,24.75,11.1,0.0,0.0,0.0,0.0,0.0,0.0,0.0,0.0,0.0,11.1
CEE4783A/1,18763,37.29,16.8,0.0,0.0,0.0,0.0,0.0,0.0,0.0,0.0,0.0,16.8
CF 5502 STEP JACQ/0,18993,100,0.0,0.0,0.0,0.0,0.0,0.0,0.0,0.0,0.0,0.0,0.0
CF5092/1,18845,100,0.0,0.0,0.0,0.0,0.0,0.0,0.0,0.0,0.0,"15,758.0","15,758.0"
CF5105/0,18575,100,0.0,0.0,0.0,0.0,0.0,0.0,0.0,0.0,0.0,"6,715.4","6,715.4"
CF5136/0,18638,100,0.0,0.0,0.0,0.0,0.0,0.0,0.0,0.0,0.0,"1,139.6","1,139.6"
CF5138/0,18638,100,0.0,0.0,0.0,0.0,0.0,0.0,0.0,0.0,0.0,55.8,55.8
CF5261/STR,18903,100,0.0,0.0,0.0,0.0,0.0,"5,215.6","5,215.6","5,215.6","5,215.6","6,413.4","27,275.8"
CF5263/L,18788,100,0.0,0.0,0.0,279.6,"1,025.2","1,025.2","1,025.2",124.8,0.0,0.0,"3,480.0"
CF5321/LYC,13545,15.3,0.0,0.0,0.0,0.0,0.0,0.0,0.0,0.0,0.0,0.1,0.1
CF5321/LYC,18517,84.7,0.0,0.0,0.0,0.0,0.0,0.0,0.0,0.0,0.0,0.3,0.3
CF5321/M2125,18517,84.7,0.0,0.0,0.0,0.0,0.0,0.0,0.0,0.0,0.0,64.5,64.5
CF5321/M2125,18974,15.3,0.0,0.0,0.0,0.0,0.0,0.0,0.0,0.0,0.0,11.7,11.7
CF5398/0,18510,100,0.0,0.0,0.0,0.0,0.0,0.0,0.0,0.0,0.0,311.7,311.7
CF5398/1,19078,100,0.0,0.0,0.0,0.0,0.0,0.0,0.0,0.0,0.0,67.6,67.6
CF5405/0,13561,2.7,0.0,0.0,0.0,0.0,0.0,0.0,0.0,0.0,0.0,0.0,0.0
CF5405/0,18811,97.3,0.0,0.0,0.0,0.0,0.0,0.0,0.0,0.0,0.0,0.0,0.0
CF5424/0,13561,1.5,0.0,0.0,0.0,0.0,0.0,0.0,0.0,0.0,0.0,0.0,0.0
CF5424/0,18573,45.3,0.0,0.0,0.0,0.0,0.0,0.0,0.0,0.0,0.0,0.0,0.0
CF5424/0,18804,53.2,0.0,0.0,0.0,0.0,0.0,0.0,0.0,0.0,0.0,0.0,0.0
CF5432/0,13561,2,0.0,0.0,0.0,0.0,0.0,0.0,0.0,0.0,0.0,0.0,0.0
CF5432/0,18573,20.7,0.0,0.0,0.0,0.0,0.0,0.0,0.0,0.0,0.0,0.2,0.2
CF5432/0,18732,26.8,0.0,0.0,0.0,0.0,0.0,0.0,0.0,0.0,0.0,0.3,0.3
CF5432/0,18804,50.5,0.0,0.0,0.0,0.0,0.0,0.0,0.0,0.0,0.0,0.6,0.6
CF5433/0,13561,2.2,0.0,0.0,0.0,0.0,0.0,0.0,0.0,0.0,0.0,0.0,0.0
CF5433/0,18795,44.4,0.0,0.0,0.0,0.0,0.0,0.0,0.0,0.0,0.0,0.0,0.0
CF5433/0,18804,53.4,0.0,0.0,0.0,0.0,0.0,0.0,0.0,0.0,0.0,0.0,0.0
CF5434/0,13561,2.1,0.0,0.0,0.0,0.0,0.0,0.0,0.0,0.0,0.0,0.0,0.0
CF5434/0,18573,21.8,0.0,0.0,0.0,0.0,0.0,0.0,0.0,0.0,0.0,0.1,0.1
CF5434/0,18804,76.1,0.0,0.0,0.0,0.0,0.0,0.0,0.0,0.0,0.0,0.2,0.2
CF5439/0,18811,50,0.0,0.0,0.0,0.0,0.0,0.0,0.0,0.0,0.0,1.6,1.6
CF5439/0,18813,50,0.0,0.0,0.0,0.0,0.0,0.0,0.0,0.0,0.0,1.6,1.6
CF5439/BKT2,18811,50,0.0,0.0,0.0,0.0,0.0,0.0,0.0,0.0,0.0,0.0,0.0
CF5439/BKT2,18813,50,0.0,0.0,0.0,0.0,0.0,0.0,0.0,0.0,0.0,0.0,0.0
CF5446/0,13794,29.2,0.0,0.0,0.0,0.0,0.0,0.0,0.0,0.0,0.0,0.0,0.0
CF5446/0,18573,20.4,0.0,0.0,0.0,0.0,0.0,0.0,0.0,0.0,0.0,0.0,0.0
CF5446/0,18732,28.8,0.0,0.0,0.0,0.0,0.0,0.0,0.0,0.0,0.0,0.0,0.0
CF5446/0,18763,21.6,0.0,0.0,0.0,0.0,0.0,0.0,0.0,0.0,0.0,0.0,0.0
CF5451/0,13561,3.3,0.0,0.0,0.0,0.0,0.0,0.0,0.0,0.0,0.0,0.0,0.0
CF5451/0,18774,96.7,0.0,0.0,0.0,0.0,0.0,0.0,0.0,0.0,0.0,0.3,0.3
CF5461/1,13561,2.9,0.0,0.0,0.0,0.0,0.0,0.0,0.0,0.0,0.0,0.0,0.0
CF5461/1,14242,32.7,0.0,0.0,0.0,0.0,0.0,0.0,0.0,0.0,0.0,0.0,0.0
CF5461/1,18419,20.7,0.0,0.0,0.0,0.0,0.0,0.0,0.0,0.0,0.0,0.0,0.0
CF5461/1,18573,43.7,0.0,0.0,0.0,0.0,0.0,0.0,0.0,0.0,0.0,0.0,0.0
CF5461/2,13561,2.9,0.0,0.0,0.0,0.0,0.0,0.0,0.0,0.0,0.0,0.0,0.0
CF5461/2,14242,32.7,0.0,0.0,0.0,0.0,0.0,0.0,0.0,0.0,0.0,0.0,0.0
CF5461/2,18024,20.7,0.0,0.0,0.0,0.0,0.0,0.0,0.0,0.0,0.0,0.0,0.0
CF5461/2,18573,43.7,0.0,0.0,0.0,0.0,0.0,0.0,0.0,0.0,0.0,0.0,0.0
CF5462/0,18334,16.3,0.0,0.0,0.0,0.0,0.0,0.0,0.0,0.0,0.0,0.1,0.1
CF5462/0,18573,82.6,0.0,0.0,0.0,0.0,0.0,0.0,0.0,0.0,0.0,0.7,0.7
CF5462/0,18599,1.1,0.0,0.0,0.0,0.0,0.0,0.0,0.0,0.0,0.0,0.0,0.0
CF5463/0,13561,1.7,0.0,0.0,0.0,0.0,0.0,0.0,0.0,0.0,0.0,0.0,0.0
CF5463/0,14223,53.6,0.0,0.0,0.0,0.0,0.0,0.0,0.0,0.0,0.0,1.3,1.3
CF5463/0,18573,44.7,0.0,0.0,0.0,0.0,0.0,0.0,0.0,0.0,0.0,1.1,1.1
CF5464/0,13545,1.6,0.0,0.0,0.0,0.0,0.0,0.0,0.0,0.0,0.0,0.0,0.0
CF5464/0,18774,98.4,0.0,0.0,0.0,0.0,0.0,0.0,0.0,0.0,0.0,0.0,0.0
CF5467/0,18774,100,0.0,0.0,0.0,0.0,0.0,0.0,0.0,0.0,0.0,245.5,245.5
CF5481/0,18415,75.02,0.0,0.0,0.0,0.0,0.0,0.0,0.0,0.0,0.0,60.0,60.0
CF5481/0,18974,24.98,0.0,0.0,0.0,0.0,0.0,0.0,0.0,0.0,0.0,20.0,20.0
CF5482/0,13545,18.3,0.0,0.0,0.0,0.0,0.0,0.0,0.0,0.0,0.0,0.6,0.6
CF5482/0,18415,81.7,0.0,0.0,0.0,0.0,0.0,0.0,0.0,0.0,0.0,2.6,2.6
CF5487/0,13561,1.7,0.0,0.0,0.0,0.0,0.0,0.0,0.0,0.0,0.0,0.3,0.3
CF5487/0,18573,66,0.0,0.0,0.0,0.0,0.0,0.0,0.0,0.0,0.0,13.1,13.1
CF5487/0,19031,32.3,0.0,0.0,0.0,0.0,0.0,0.0,0.0,0.0,0.0,6.4,6.4
CF5488/0,13545,17.5,0.0,0.0,0.0,0.0,0.0,0.0,0.0,0.0,0.0,0.0,0.0
CF5488/0,18415,82.5,0.0,0.0,0.0,0.0,0.0,0.0,0.0,0.0,0.0,0.0,0.0
CF5489/A,13561,6.7,0.0,0.0,0.0,0.0,0.0,0.0,0.0,0.0,0.0,0.0,0.0
CF5489/A,18865,93.3,0.0,0.0,0.0,0.0,0.0,0.0,0.0,0.0,0.0,0.0,0.0
CF5489/B,13561,6.7,0.0,0.0,0.0,0.0,0.0,0.0,0.0,0.0,0.0,0.0,0.0
CF5489/B,18865,93.3,0.0,0.0,0.0,0.0,0.0,0.0,0.0,0.0,0.0,0.0,0.0
CF5489/C,13561,6.7,0.0,0.0,0.0,0.0,0.0,0.0,0.0,0.0,0.0,0.0,0.0
CF5489/C,18865,93.3,0.0,0.0,0.0,0.0,0.0,0.0,0.0,0.0,0.0,0.0,0.0
CF5490/A,13561,3,0.0,0.0,0.0,0.0,0.0,0.0,0.0,0.0,0.0,0.0,0.0
CF5490/A,18575,97,0.0,0.0,0.0,0.0,0.0,0.0,0.0,0.0,0.0,0.9,0.9
CF5490/B,13561,3,0.0,0.0,0.0,0.0,0.0,0.0,0.0,0.0,0.0,0.0,0.0
CF5490/B,18575,97,0.0,0.0,0.0,0.0,0.0,0.0,0.0,0.0,0.0,0.0,0.0
CF5490/C,13561,3,0.0,0.0,0.0,0.0,0.0,0.0,0.0,0.0,0.0,0.3,0.3
CF5490/C,18575,97,0.0,0.0,0.0,0.0,0.0,0.0,0.0,0.0,0.0,8.9,8.9
CF5491/0,9296,76.2,0.0,0.0,0.0,0.0,0.0,0.0,0.0,0.0,0.0,0.0,0.0
CF5491/0,12150,23.8,0.0,0.0,0.0,0.0,0.0,0.0,0.0,0.0,0.0,0.0,0.0
CF5491/NAT48,18865,23.8,0.0,0.0,0.0,0.0,0.0,0.0,0.0,0.0,0.0,0.0,0.0
CF5491/NAT48,19077,76.2,0.0,0.0,0.0,0.0,0.0,0.0,0.0,0.0,0.0,0.0,0.0
CF5493/0,9296,100,0.0,0.0,0.0,0.0,0.0,0.0,0.0,0.0,0.0,0.0,0.0
CF5493/NAT48,19077,100,0.0,0.0,0.0,0.0,0.0,0.0,0.0,0.0,0.0,0.0,0.0
CF5501/SLT,18334,91.9,0.0,0.0,0.0,0.0,0.0,0.0,0.0,0.0,0.0,0.6,0.6
CF5501/TUB,18334,91.9,0.0,0.0,0.0,0.0,0.0,0.0,0.0,0.0,0.0,0.0,0.0
CF5502/0,18993,100,0.0,0.0,0.0,0.0,0.0,0.0,0.0,0.0,0.0,0.0,0.0
CF5504/0,19072,100,0.0,0.0,0.0,0.0,0.0,0.0,0.0,0.0,0.0,437.4,437.4
CF5509/0,13560,0.9,0.0,0.0,0.0,0.0,0.0,0.0,0.0,0.0,0.0,0.0,0.0
CF5509/0,18612,99.1,0.0,0.0,0.0,0.0,0.0,0.0,0.0,0.0,0.0,0.0,0.0
CF5510/0,13560,22.9,0.0,0.0,0.0,0.0,0.0,0.0,0.0,0.0,0.0,0.0,0.0
CF5510/0,18742,77.1,0.0,0.0,0.0,0.0,0.0,0.0,0.0,0.0,0.0,0.0,0.0
CF5513/0,11648,6.23,0.0,0.0,0.0,0.0,0.0,0.0,0.0,0.0,0.0,0.0,0.0
CF5513/0,18282,85.24,0.0,0.0,0.0,0.0,0.0,0.0,0.0,0.0,0.0,0.0,0.0
CF5513/0,18599,8.54,0.0,0.0,0.0,0.0,0.0,0.0,0.0,0.0,0.0,0.0,0.0
CF5514/0,7726,100,0.0,0.0,0.0,0.0,0.0,0.0,0.0,0.0,0.0,14.0,14.0
CF5515/0,18558,100,0.0,0.0,0.0,0.0,0.0,0.0,0.0,0.0,0.0,0.2,0.2
CF5516/0,18558,100,0.0,0.0,0.0,0.0,0.0,0.0,0.0,0.0,0.0,0.0,0.0
CMR4344/3S,12321,13.9,0.0,0.0,0.0,0.0,0.0,0.0,0.0,0.0,0.0,"3,083.4","3,083.4"
CMR4344/3S,18376,16.5,0.0,0.0,0.0,0.0,0.0,0.0,0.0,0.0,0.0,"3,660.1","3,660.1"
CMR4344/3S,18646,50.4,0.0,0.0,0.0,0.0,0.0,0.0,0.0,0.0,0.0,"11,179.9","11,179.9"
CMR4344/3S,18910,16.5,0.0,0.0,0.0,0.0,0.0,0.0,0.0,0.0,0.0,"3,660.1","3,660.1"
CMR4344/3S,18929,2.7,0.0,0.0,0.0,0.0,0.0,0.0,0.0,0.0,0.0,598.9,598.9
CMR4649A/1,12066,1.92,0.0,0.0,0.0,0.0,0.0,0.0,0.0,0.0,0.0,1.0,1.0
CMR4649A/1,12243,3.97,0.0,0.0,0.0,0.0,0.0,0.0,0.0,0.0,0.0,2.0,2.0
CMR4649A/1,18426,94.11,0.0,0.0,0.0,0.0,0.0,0.0,0.0,0.0,0.0,47.1,47.1
CMR4659A/1,12243,3.71,0.0,0.0,0.0,0.0,0.0,0.0,0.0,0.0,0.0,1.9,1.9
CMR4659A/1,14895,2.73,0.0,0.0,0.0,0.0,0.0,0.0,0.0,0.0,0.0,1.4,1.4
CMR4659A/1,18426,93.56,0.0,0.0,0.0,0.0,0.0,0.0,0.0,0.0,0.0,46.8,46.8
CMR4773A/1,18372,41.46,0.0,0.0,0.0,0.0,0.0,0.0,0.0,0.0,0.0,16.6,16.6
CMR4773A/1,18452,16.49,0.0,0.0,0.0,0.0,0.0,0.0,0.0,0.0,0.0,6.6,6.6
CMR4773A/1,18794,31.38,0.0,0.0,0.0,0.0,0.0,0.0,0.0,0.0,0.0,12.6,12.6
CMR4773A/1,18865,9.68,0.0,0.0,0.0,0.0,0.0,0.0,0.0,0.0,0.0,3.9,3.9
CMR4773A/1,18929,0.99,0.0,0.0,0.0,0.0,0.0,0.0,0.0,0.0,0.0,0.4,0.4
CSP4479A/1B,18376,23.4,0.0,0.0,0.0,0.0,0.0,0.0,0.0,0.0,0.0,194.0,194.0
CSP4479A/1B,18469,18.3,0.0,0.0,0.0,0.0,0.0,0.0,0.0,0.0,0.0,151.7,151.7
CSP4479A/1B,18646,38.5,0.0,0.0,0.0,0.0,0.0,0.0,0.0,0.0,0.0,319.2,319.2
CSP4479A/1B,18894,19.8,0.0,0.0,0.0,0.0,0.0,0.0,0.0,0.0,0.0,164.2,164.2
CT1577/1B,13364,47,0.0,0.0,0.0,0.0,0.0,0.0,0.0,0.0,0.0,940.0,940.0
CT1577/1B,18454,12.5,0.0,0.0,0.0,0.0,0.0,0.0,0.0,0.0,0.0,250.0,250.0
CT1577/1B,18865,5.5,0.0,0.0,0.0,0.0,0.0,0.0,0.0,0.0,0.0,110.0,110.0
CT1577/1B,18929,0.7,0.0,0.0,0.0,0.0,0.0,0.0,0.0,0.0,0.0,14.0,14.0
CT1577/1B,18987,34.3,0.0,0.0,0.0,0.0,0.0,0.0,0.0,0.0,0.0,686.0,686.0
CT1916/TT3A,18706,60.6,0.0,606.0,0.0,0.0,0.0,0.0,0.0,0.0,0.0,0.0,606.0
CT1916/TT3A,18893,24.9,0.0,249.0,0.0,0.0,0.0,0.0,0.0,0.0,0.0,0.0,249.0
CT1916/TT3A,18929,2.3,0.0,23.0,0.0,0.0,0.0,0.0,0.0,0.0,0.0,0.0,23.0
CT1916/TT3A,19003,12.2,0.0,122.0,0.0,0.0,0.0,0.0,0.0,0.0,0.0,0.0,122.0
CT2155/1AT,19003,100,0.0,0.0,0.0,0.0,0.0,0.0,0.0,0.0,0.0,"151,723.7","151,723.7"
CT22150/1BA,12526,64.9,0.0,0.0,0.0,0.0,0.0,0.0,0.0,0.0,0.0,"10,875.4","10,875.4"
CT22150/1BA,18646,35.1,0.0,0.0,0.0,0.0,0.0,0.0,0.0,0.0,0.0,"5,881.7","5,881.7"
CT2552/1L,12243,2.8,0.0,0.0,0.0,0.0,0.0,0.0,0.0,0.0,0.0,42.0,42.0
CT2552/1L,18426,97.2,0.0,0.0,0.0,0.0,0.0,0.0,0.0,0.0,0.0,"1,458.0","1,458.0"
CT2913/2DL,18426,36.5,0.0,"1,287.3","1,287.3","1,287.3","1,287.3",325.9,0.0,0.0,0.0,0.0,"5,475.0"
CT2913/2DL,18904,16.5,0.0,581.9,581.9,581.9,581.9,147.3,0.0,0.0,0.0,0.0,"2,475.0"
CT2913/2DL,18929,0.7,0.0,24.7,24.7,24.7,24.7,6.3,0.0,0.0,0.0,0.0,105.0
CT2913/2DL,18987,38.8,0.0,"1,368.4","1,368.4","1,368.4","1,368.4",346.5,0.0,0.0,0.0,0.0,"5,820.0"
CT2913/2DL,19003,7.5,0.0,264.5,264.5,264.5,264.5,67.0,0.0,0.0,0.0,0.0,"1,125.0"
CT3085/1A,18233,19.1,0.0,0.0,0.0,0.0,0.0,0.0,0.0,0.0,0.0,146.7,146.7
CT3085/1A,18376,43.8,0.0,0.0,0.0,0.0,0.0,0.0,0.0,0.0,0.0,336.4,336.4
CT3085/1A,18763,28.1,0.0,0.0,0.0,0.0,0.0,0.0,0.0,0.0,0.0,215.8,215.8
CT3085/1A,19003,9,0.0,0.0,0.0,0.0,0.0,0.0,0.0,0.0,0.0,69.1,69.1
CT4648/0,18992,100,0.0,0.0,0.0,0.0,0.0,0.0,0.0,0.0,0.0,"1,309.2","1,309.2"
CT4776/0,18962,42.31,0.0,0.0,0.0,0.0,0.0,0.0,0.0,0.0,0.0,0.0,0.0
CT4785/1,19003,100.01,"2,043.7",556.6,0.0,0.0,0.0,0.0,0.0,0.0,0.0,"2,548.0","5,148.2"
DFF446J/B,18884,100,0.0,0.0,"5,411.9","5,411.9","3,574.3","5,411.9","5,411.9","5,411.9","5,411.9","1,602.3","37,648.2"
DFF505J/0,14270,100,0.0,0.0,0.0,0.0,0.0,0.0,0.0,0.0,0.0,279.6,279.6
DFF505J/F,19089,100,0.0,0.0,0.0,0.0,"3,237.3","1,262.7",0.0,0.0,0.0,0.0,"4,500.0"
DFF505R/F,13545,1.3,0.0,3.9,0.0,0.0,0.0,0.0,0.0,0.0,0.0,0.0,3.9
DFF505R/F,19089,98.7,0.0,296.1,0.0,0.0,0.0,0.0,0.0,0.0,0.0,0.0,296.1
F42466/0,13560,14,28.0,0.0,0.0,0.0,0.0,0.0,0.0,0.0,0.0,0.0,28.0
F42466/0,18956,86,172.0,0.0,0.0,0.0,0.0,0.0,0.0,0.0,0.0,0.0,172.0
F42467/0,13560,13.7,27.4,0.0,0.0,0.0,0.0,0.0,0.0,0.0,0.0,0.0,27.4
F42467/0,18958,86.3,172.6,0.0,0.0,0.0,0.0,0.0,0.0,0.0,0.0,0.0,172.6
F42468/0,13560,13.7,27.4,0.0,0.0,0.0,0.0,0.0,0.0,0.0,0.0,0.0,27.4
F42468/0,18959,86.3,172.6,0.0,0.0,0.0,0.0,0.0,0.0,0.0,0.0,0.0,172.6
F42469/0,13560,14,28.0,0.0,0.0,0.0,0.0,0.0,0.0,0.0,0.0,0.0,28.0
F42469/0,18955,86,172.0,0.0,0.0,0.0,0.0,0.0,0.0,0.0,0.0,0.0,172.0
FAB310-40/0,18659,100,0.0,0.0,0.0,0.0,0.0,0.0,0.0,0.0,0.0,77.2,77.2
GG6020-GR/0,13545,1.6,0.0,0.0,0.0,0.0,0.0,0.0,0.0,0.0,0.0,21.2,21.2
JB38/2,18703,100,0.0,0.0,0.0,0.0,0.0,0.0,0.0,0.0,0.0,"2,435.9","2,435.9"
JC24/4,19045,100,0.0,0.0,0.0,0.0,0.0,0.0,0.0,0.0,0.0,"8,039.9","8,039.9"
JC24/5,19076,100,0.0,0.0,0.0,0.0,0.0,0.0,0.0,0.0,0.0,"2,592.9","2,592.9"
KBDU600K/1,19069,50,0.0,0.0,0.0,"1,046.8","1,025.2",0.0,0.0,0.0,0.0,0.0,"2,072.0"
KBDU600K/1,19070,50,0.0,0.0,0.0,"1,046.8","1,025.2",0.0,0.0,0.0,0.0,0.0,"2,072.0"
